"airline_iata","airline_icao","flight_iata","flight_icao","flight_number","dep_iata","dep_icao","dep_terminal","dep_time","arr_iata","arr_icao","duration"
"LH","DLH","LH2483","DLH2483","2483","LHR","EGLL","2","2023-06-06 06:55","MUC","EDDM",110
"QR","QTR","QR5925","QTR5925","5925","LHR","EGLL","5","2023-06-06 06:40","AGP","LEMG",175
"HU","CHH","HU8540","CHH8540","8540","LHR","EGLL","2","2023-06-06 06:50","BRU","EBBR",60
"BA","BAW","BA776","BAW776","776","LHR","EGLL","5","2023-06-06 07:00","ARN","ESSA",150
"QR","QTR","QR5974","QTR5974","5974","LHR","EGLL","5","2023-06-06 06:55","NCL","EGNT",70
"QR","QTR","QR6264","QTR6264","6264","LHR","EGLL","5","2023-06-06 07:00","EDI","EGPH",85
"BA","BAW","BA948","BAW948","948","LHR","EGLL","5","2023-06-06 07:05","MUC","EDDM",115
"QR","QTR","QR5998","QTR5998","5998","LHR","EGLL","5","2023-06-06 07:00","ABZ","EGPD",95
"BA","BAW","BA1472","BAW1472","1472","LHR","EGLL","5","2023-06-06 07:05","GLA","EGPF",85
"QR","QTR","QR5918","QTR5918","5918","LHR","EGLL","5","2023-06-06 06:55","DUB","EIDW",85
"BA","BAW","BA696","BAW696","696","LHR","EGLL","3","2023-06-06 07:10","VIE","LOWW",140
"SL","SZS","SL802","SZS802","802","LHR","EGLL","2","2023-06-06 07:05","OSL","ENGM",130
"LX","SWR","LX359","SWR359","359","LHR","EGLL","2","2023-06-06 07:00","GVA","LSGG",95
"BA","BAW","BA800","BAW800","800","LHR","EGLL","5","2023-06-06 07:10","KEF","BIKF",190
"QF","QFA","QF3515","QFA3515","3515","LHR","EGLL","3","2023-06-06 07:10","MRS","LFML",115
"AA","AAL","AA6761","AAL6761","6761","LHR","EGLL","5","2023-06-06 07:15","LCA","LCLK",280
"CX","CPA","CX7199","CPA7199","7199","LHR","EGLL","5","2023-06-06 07:15","CPH","EKCH",110
"BA","BAW","BA964","BAW964","964","LHR","EGLL","5","2023-06-06 07:15","HAM","EDDH",95
"B6","JBU","B61621","JBU1621","1621","LHR","EGLL","2","2023-06-06 07:25","BOS","KBOS",471
"AA","AAL","AA6853","AAL6853","6853","LHR","EGLL","5","2023-06-06 06:55","ATH","LGAV",235
"AA","AAL","AA6759","AAL6759","6759","LHR","EGLL","5","2023-06-06 07:25","BCN","LEBL",135
"QR","QTR","QR5984","QTR5984","5984","LHR","EGLL","5","2023-06-06 07:30","BHD","EGAC",85
"BA","BAW","BA902","BAW902","902","LHR","EGLL","5","2023-06-06 07:05","FRA","EDDF",95
"BA","BAW","BA762","BAW762","762","LHR","EGLL","3","2023-06-06 07:15","OSL","ENGM",130
"LH","DLH","LH923","DLH923","923","LHR","EGLL","2","2023-06-06 07:30","FRA","EDDF",95
"BA","BAW","BA556","BAW556","556","LHR","EGLL","5","2023-06-06 07:25","FCO","LIRF",160
"AA","AAL","AA109","AAL109","109","LHR","EGLL","3","2023-06-06 07:45","BOS","KBOS",438
"BA","BAW","BA936","BAW936","936","LHR","EGLL","5","2023-06-06 07:35","DUS","EDDL",85
"BA","BAW","BA342","BAW342","342","LHR","EGLL","5","2023-06-06 07:35","NCE","LFMN",125
"JL","JAL","JL6521","JAL6521","6521","LHR","EGLL","5","2023-06-06 07:35","WAW","EPWA",145
"BA","BAW","BA1340","BAW1340","1340","LHR","EGLL","5","2023-06-06 07:30","JER","EGJJ",65
"AA","AAL","AA8033","AAL8033","8033","LHR","EGLL","2","2023-06-06 07:40","DUB","EIDW",80
"SN","BEL","SN9028","BEL9028","9028","LHR","EGLL","2","2023-06-06 07:45","EWR","KEWR",455
"JL","JAL","JL6515","JAL6515","6515","LHR","EGLL","5","2023-06-06 07:45","MAD","LEMD",145
"JL","JAL","JL7155","JAL7155","7155","LHR","EGLL","5","2023-06-06 07:40","BLQ","LIPE",130
"AY","FIN","AY500","FIN500","500","LHR","EGLL","5","2023-06-06 07:30","LIS","LPPT",165
"AA","AAL","AA6793","AAL6793","6793","LHR","EGLL","5","2023-06-06 07:40","TLS","LFBO",110
"AC","ACA","AC5337","ACA5337","5337","LHR","EGLL","2","2023-06-06 08:00","IAD","KIAD",495
"BA","BAW","BA524","BAW524","524","LHR","EGLL","5","2023-06-06 07:50","FLR","LIRQ",130
"AC","ACA","AC2712","ACA2712","2712","LHR","EGLL","2","2023-06-06 08:00","LIS","LPPT",160
"AA","AAL","AA7022","AAL7022","7022","LHR","EGLL","5","2023-06-06 07:50","IBZ","LEIB",160
"AA","AAL","AA7025","AAL7025","7025","LHR","EGLL","5","2023-06-06 08:00","TLV","LLBG",290
"AA","AAL","AA7031","AAL7031","7031","LHR","EGLL","5","2023-06-06 07:40","JMK","LGMK",240
"QF","QFA","QF3805","QFA3805","3805","LHR","EGLL","3","2023-06-06 07:30","HEL","EFHK",170
"BA","BAW","BA652","BAW652","652","LHR","EGLL","5","2023-06-06 08:00","JTR","LGSR",240
"BA","BAW","BA310","BAW310","310","LHR","EGLL","3","2023-06-06 08:05","ALG","DAAG",175
"EW","EWG","EW9469","EWG9469","9469","LHR","EGLL","2","2023-06-06 08:05","DUS","EDDL",80
"IB","IBE","IB7355","IBE7355","7355","LHR","EGLL","5","2023-06-06 08:25","JFK","KJFK",460
"AA","AAL","AA6469","AAL6469","6469","LHR","EGLL","5","2023-06-06 08:15","DUB","EIDW",85
"AA","AAL","AA6425","AAL6425","6425","LHR","EGLL","5","2023-06-06 08:15","BRU","EBBR",70
"QR","QTR","QR5874","QTR5874","5874","LHR","EGLL","5","2023-06-06 08:15","GVA","LSGG",95
"JL","JAL","JL7149","JAL7149","7149","LHR","EGLL","5","2023-06-06 08:20","FCO","LIRF",155
"BA","BAW","BA1434","BAW1434","1434","LHR","EGLL","5","2023-06-06 07:50","EDI","EGPH",85
"BA","BAW","BA534","BAW534","534","LHR","EGLL","5","2023-06-06 08:15","NAP","LIRN",165
"WB","RWD","WB1000","RWD1000","1000","LHR","EGLL","4","2023-06-06 08:30","DOH","OTHH",400
"BA","BAW","BA928","BAW928","928","LHR","EGLL","5","2023-06-06 08:15","TIA","LATI",185
"QR","QTR","QR5896","QTR5896","5896","LHR","EGLL","3","2023-06-06 08:25","LUX","ELLX",80
"OU","CTN","OU5491","CTN5491","5491","LHR","EGLL","2","2023-06-06 08:30","FRA","EDDF",95
"OS","AUA","OS8227","AUA8227","8227","LHR","EGLL","2","2023-06-06 08:30","YYZ","CYYZ",465
"QF","QFA","QF3519","QFA3519","3519","LHR","EGLL","5","2023-06-06 08:20","PSA","LIRP",130
"MH","MAS","MH9395","MAS9395","9395","LHR","EGLL","3","2023-06-06 08:40","DFW","KDFW",605
"BA","BAW","BA620","BAW620","620","LHR","EGLL","5","2023-06-06 08:35","LCA","LCLK",280
"AM","AMX","AM7695","AMX7695","7695","LHR","EGLL","3","2023-06-06 08:20","TLV","LLBG",320
"DL","DAL","DL9501","DAL9501","9501","LHR","EGLL","4","2023-06-06 08:40","AMS","EHAM",80
"MH","MAS","MH9902","MAS9902","9902","LHR","EGLL","5","2023-06-06 08:40","BER","EDDB",115
"AA","AAL","AA6965","AAL6965","6965","LHR","EGLL","3","2023-06-06 08:25","NUE","EDDN",105
"BA","BAW","BA4002","BAW4002","4002","LHR","EGLL","2","2023-06-06 08:45","LDY","EGAE",85
"BA","BAW","BA578","BAW578","578","LHR","EGLL","5","2023-06-06 08:45","VCE","LIPZ",140
"BA","BAW","BA848","BAW848","848","LHR","EGLL","3","2023-06-06 08:45","ZAG","LDZA",150
"EW","EWG","EW7465","EWG7465","7465","LHR","EGLL","2","2023-06-06 08:45","HAM","EDDH",90
"BA","BAW","BA306","BAW306","306","LHR","EGLL","5","2023-06-06 08:45","CDG","LFPG",75
"BA","BAW","BA1306","BAW1306","1306","LHR","EGLL","5","2023-06-06 08:40","ABZ","EGPD",95
"UA","UAL","UA9646","UAL9646","9646","LHR","EGLL","2","2023-06-06 08:50","CGN","EDDK",80
"AC","ACA","AC6905","ACA6905","6905","LHR","EGLL","2","2023-06-06 08:50","DUB","EIDW",85
"AA","AAL","AA6543","AAL6543","6543","LHR","EGLL","5","2023-06-06 08:55","MUC","EDDM",115
"BA","BAW","BA790","BAW790","790","LHR","EGLL","3","2023-06-06 08:55","GOT","ESGG",120
"MH","MAS","MH9706","MAS9706","9706","LHR","EGLL","5","2023-06-06 08:55","BCN","LEBL",135
"AF","AFR","AF7551","AFR7551","7551","LHR","EGLL","4","2023-06-06 08:55","NCE","LFMN",120
"AM","AMX","AM6022","AMX6022","6022","LHR","EGLL","4","2023-06-06 09:00","CDG","LFPG",80
"WB","RWD","WB1103","RWD1103","1103","LHR","EGLL","4","2023-06-06 09:00","DOH","OTHH",405
"AA","AAL","AA6855","AAL6855","6855","LHR","EGLL","5","2023-06-06 09:00","ATH","LGAV",225
"AC","ACA","AC6818","ACA6818","6818","LHR","EGLL","2","2023-06-06 08:40","ZRH","LSZH",115
"AC","ACA","AC6198","ACA6198","6198","LHR","EGLL","2","2023-06-06 09:05","VIE","LOWW",135
"QF","QFA","QF8008","QFA8008","8008","LHR","EGLL","3","2023-06-06 09:05","DXB","OMDB",425
"UA","UAL","UA9743","UAL9743","9743","LHR","EGLL","2","2023-06-06 08:55","GVA","LSGG",95
"AA","AAL","AA6755","AAL6755","6755","LHR","EGLL","3","2023-06-06 09:05","STR","EDDS",105
"AA","AAL","AA6885","AAL6885","6885","LHR","EGLL","5","2023-06-06 09:05","MXP","LIMC",135
"QR","QTR","QR5945","QTR5945","5945","LHR","EGLL","5","2023-06-06 08:40","GLA","EGPF",85
"UA","UAL","UA8851","UAL8851","8851","LHR","EGLL","2","2023-06-06 09:00","MUC","EDDM",110
"MH","MAS","MH5759","MAS5759","5759","LHR","EGLL","2","2023-06-06 09:10","SIN","WSSS",800
"UA","UAL","UA9635","UAL9635","9635","LHR","EGLL","2","2023-06-06 09:10","STR","EDDS",95
"MH","MAS","MH9407","MAS9407","9407","LHR","EGLL","3","2023-06-06 09:15","ORD","KORD",515
"JL","JAL","JL6980","JAL6980","6980","LHR","EGLL","5","2023-06-06 09:15","MAD","LEMD",150
"BA","BAW","BA1326","BAW1326","1326","LHR","EGLL","5","2023-06-06 09:15","NCL","EGNT",80
"SQ","SIA","SQ2503","SIA2503","2503","LHR","EGLL","3","2023-06-06 09:20","JFK","KJFK",465
"BA","BAW","BA336","BAW336","336","LHR","EGLL","3","2023-06-06 09:20","MRS","LFML",115
"BA","BAW","BA5927","BAW5927","5927","LHR","EGLL","2","2023-06-06 09:20","ORK","EICK",85
"JL","JAL","JL6501","JAL6501","6501","LHR","EGLL","5","2023-06-06 09:15","EDI","EGPH",85
"BA","BAW","BA496","BAW496","496","LHR","EGLL","5","2023-06-06 09:25","PMI","LEPA",155
"BA","BAW","BA384","BAW384","384","LHR","EGLL","5","2023-06-06 09:25","CAI","HECA",300
"AC","ACA","AC6672","ACA6672","6672","LHR","EGLL","4","2023-06-06 09:30","AUH","OMAA",410
"AC","ACA","AC867","ACA867","867","LHR","EGLL","2","2023-06-06 09:30","YUL","CYUL",430
"BA","BAW","BA1590","BAW1590","1590","LHR","EGLL","3","2023-06-06 09:30","DFW","KDFW",610
"VS","VIR","VS4041","VIR4041","4041","LHR","EGLL","3","2023-06-06 09:20","MSP","KMSP",530
"AY","FIN","AY5495","FIN5495","5495","LHR","EGLL","5","2023-06-06 09:35","IAH","KIAH",615
"EI","EIN","EI8310","EIN8310","8310","LHR","EGLL","5","2023-06-06 09:25","BHD","EGAC",85
"AY","FIN","AY4179","FIN4179","4179","LHR","EGLL","3","2023-06-06 09:35","PHX","KPHX",661
"IB","IBE","IB7333","IBE7333","7333","LHR","EGLL","5","2023-06-06 09:35","HND","RJTT",815
"UA","UAL","UA8810","UAL8810","8810","LHR","EGLL","2","2023-06-06 09:30","FRA","EDDF",95
"QR","QTR","QR9748","QTR9748","9748","LHR","EGLL","5","2023-06-06 09:25","NCE","LFMN",135
"JL","JAL","JL42","JAL42","42","LHR","EGLL","3","2023-06-06 09:40","HND","RJTT",830
"VS","VIR","VS5","VIR5","5","LHR","EGLL","3","2023-06-06 09:40","MIA","KMIA",565
"EI","EIN","EI8875","EIN8875","8875","LHR","EGLL","5","2023-06-06 09:45","JFK","KJFK",465
"BA","BAW","BA7852","BAW7852","7852","LHR","EGLL","2","2023-06-06 09:45","DND","EGPN",100
"QR","QTR","QR2221","QTR2221","2221","LHR","EGLL","3","2023-06-06 09:45","CLT","KCLT",526
"AI","AIC","AI162","AIC162","162","LHR","EGLL","2","2023-06-06 09:45","DEL","VIDP",515
"BA","BAW","BA53","BAW53","53","LHR","EGLL","5","2023-06-06 09:50","SEA","KSEA",585
"EI","EIN","EI381","EIN381","381","LHR","EGLL","2","2023-06-06 09:50","SNN","EINN",90
"BA","BAW","BA5955","BAW5955","5955","LHR","EGLL","2","2023-06-06 09:50","DUB","EIDW",85
"EI","EIN","EI8983","EIN8983","8983","LHR","EGLL","5","2023-06-06 09:50","LAX","KLAX",675
"TG","THA","TG6223","THA6223","6223","LHR","EGLL","2","2023-06-06 09:55","CPH","EKCH",110
"GA","GIA","GA9239","GIA9239","9239","LHR","EGLL","4","2023-06-06 09:55","AMS","EHAM",90
"QF","QFA","QF3546","QFA3546","3546","LHR","EGLL","3","2023-06-06 09:55","BUD","LHBP",165
"JL","JAL","JL7143","JAL7143","7143","LHR","EGLL","3","2023-06-06 09:55","PRG","LKPR",130
"AY","FIN","AY4137","FIN4137","4137","LHR","EGLL","3","2023-06-05 18:50","LAX","KLAX",680
"AA","AAL","AA6898","AAL6898","6898","LHR","EGLL","5","2023-06-06 10:00","LIS","LPPT",160
"SV","SVA","SV110","SVA110","110","LHR","EGLL","4","2023-06-06 10:00","RUH","OERK",405
"GF","GFA","GF2","GFA2","2","LHR","EGLL","4","2023-06-06 10:00","BAH","OBBI",375
"AF","AFR","AF3610","AFR3610","3610","LHR","EGLL","3","2023-06-06 09:55","BOS","KBOS",455
"BA","BAW","BA1550","BAW1550","1550","LHR","EGLL","3","2023-06-06 10:05","RDU","KRDU",510
"QR","QTR","QR2249","QTR2249","2249","LHR","EGLL","3","2023-06-06 10:05","PHL","KPHL",475
"AA","AAL","AA6657","AAL6657","6657","LHR","EGLL","5","2023-06-06 10:05","BOM","VABB",555
"BA","BAW","BA65","BAW65","65","LHR","EGLL","5","2023-06-06 10:10","NBO","HKJK",520
"BA","BAW","BA1476","BAW1476","1476","LHR","EGLL","5","2023-06-06 10:10","GLA","EGPF",90
"AA","AAL","AA6824","AAL6824","6824","LHR","EGLL","3","2023-06-06 10:10","GIB","LXGB",175
"MH","MAS","MH9800","MAS9800","9800","LHR","EGLL","5","2023-06-06 10:10","CPH","EKCH",120
"QR","QTR","QR5913","QTR5913","5913","LHR","EGLL","3","2023-06-06 10:15","NAS","MYNN",560
"UA","UAL","UA6814","UAL6814","6814","LHR","EGLL","2","2023-06-06 10:15","WAW","EPWA",155
"TP","TAP","TP8268","TAP8268","8268","LHR","EGLL","2","2023-06-06 10:15","YYC","CYYC",530
"BA","BAW","BA1370","BAW1370","1370","LHR","EGLL","5","2023-06-06 10:15","MAN","EGCC",65
"BA","BAW","BA143","BAW143","143","LHR","EGLL","5","2023-06-06 10:15","DEL","VIDP",525
"AY","FIN","AY1332","FIN1332","1332","LHR","EGLL","3","2023-06-06 10:20","HEL","EFHK",175
"AC","ACA","AC9949","ACA9949","9949","LHR","EGLL","2","2023-06-06 10:20","OSL","ENGM",130
"AA","AAL","AA7032","AAL7032","7032","LHR","EGLL","5","2023-06-06 10:10","CFU","LGKR",200
"IB","IBE","IB7397","IBE7397","7397","LHR","EGLL","5","2023-06-06 10:25","MIA","KMIA",560
"BA","BAW","BA668","BAW668","668","LHR","EGLL","5","2023-06-06 10:25","RAK","GMMX",220
"LH","DLH","LH903","DLH903","903","LHR","EGLL","2","2023-06-06 10:30","FRA","EDDF",95
"LY","ELY","LY8066","ELY8066","8066","LHR","EGLL","3","2023-06-06 10:30","JFK","KJFK",469
"AA","AAL","AA6408","AAL6408","6408","LHR","EGLL","5","2023-06-06 10:30","EDI","EGPH",90
"VS","VIR","VS302","VIR302","302","LHR","EGLL","3","2023-06-06 10:30","DEL","VIDP",535
"EI","EIN","EI8995","EIN8995","8995","LHR","EGLL","5","2023-06-06 10:35","ORD","KORD",520
"SN","BEL","SN9078","BEL9078","9078","LHR","EGLL","2","2023-06-06 10:35","IAH","KIAH",615
"SK","SAS","SK526","SAS526","526","LHR","EGLL","2","2023-06-06 10:35","ARN","ESSA",155
"AM","AMX","AM7658","AMX7658","7658","LHR","EGLL","3","2023-06-06 10:40","LAX","KLAX",670
"QR","QTR","QR9698","QTR9698","9698","LHR","EGLL","5","2023-06-06 10:40","DUB","EIDW",90
"BA","BAW","BA536","BAW536","536","LHR","EGLL","5","2023-06-06 10:35","NAP","LIRN",160
"OS","AUA","OS7793","AUA7793","7793","LHR","EGLL","2","2023-06-06 10:00","EWR","KEWR",485
"BA","BAW","BA676","BAW676","676","LHR","EGLL","5","2023-06-06 10:45","IST","LTFM",245
"BA","BAW","BA7055","BAW7055","7055","LHR","EGLL","5","2023-06-06 10:50","MAD","LEMD",145
"AF","AFR","AF9902","AFR9902","9902","LHR","EGLL","3","2023-06-06 10:50","ATL","KATL",580
"BA","BAW","BA992","BAW992","992","LHR","EGLL","5","2023-06-06 10:50","BER","EDDB",115
"LH","DLH","LH2473","DLH2473","2473","LHR","EGLL","2","2023-06-06 10:50","MUC","EDDM",110
"KM","AMC","KM101","AMC101","101","LHR","EGLL","4","2023-06-06 10:50","MLA","LMML",190
"SQ","SIA","SQ5653","SIA5653","5653","LHR","EGLL","4","2023-06-06 11:00","KUL","WMKK",795
"BA","BAW","BA1542","BAW1542","1542","LHR","EGLL","3","2023-06-06 11:00","ORD","KORD",540
"AY","FIN","AY5909","FIN5909","5909","LHR","EGLL","5","2023-06-06 11:00","BCN","LEBL",135
"JL","JAL","JL7871","JAL7871","7871","LHR","EGLL","5","2023-06-06 11:00","FRA","EDDF",105
"AY","FIN","AY5485","FIN5485","5485","LHR","EGLL","5","2023-06-06 11:00","EWR","KEWR",470
"AF","AFR","AF3674","AFR3674","3674","LHR","EGLL","3","2023-06-06 10:55","DTW","KDTW",515
"LX","SWR","LX3046","SWR3046","3046","LHR","EGLL","2","2023-06-06 11:05","DEN","KDEN",580
"MH","MAS","MH9668","MAS9668","9668","LHR","EGLL","5","2023-06-06 11:05","CDG","LFPG",75
"SN","BEL","SN2094","BEL2094","2094","LHR","EGLL","2","2023-06-06 11:05","BRU","EBBR",65
"EI","EIN","EI915","EIN915","915","LHR","EGLL","2","2023-06-06 11:05","NOC","EIKN",90
"EI","EIN","EI8985","EIN8985","8985","LHR","EGLL","5","2023-06-06 11:10","SFO","KSFO",665
"AA","AAL","AA6588","AAL6588","6588","LHR","EGLL","5","2023-06-06 11:10","NCE","LFMN",125
"AA","AAL","AA6510","AAL6510","6510","LHR","EGLL","5","2023-06-06 10:35","FCO","LIRF",165
"SN","BEL","SN9099","BEL9099","9099","LHR","EGLL","2","2023-06-06 10:25","SFO","KSFO",660
NA,"VGI",NA,"VGI187","187","LHR","EGLL","3","2023-06-06 11:15","BGI","TBPB",540
"AA","AAL","AA137","AAL137","137","LHR","EGLL","3","2023-06-06 11:15","LAX","KLAX",680
"BA","BAW","BA962","BAW962","962","LHR","EGLL","5","2023-06-06 11:15","HAM","EDDH",95
"AF","AFR","AF3600","AFR3600","3600","LHR","EGLL","3","2023-06-06 11:15","JFK","KJFK",480
"AI","AIC","AI7909","AIC7909","7909","LHR","EGLL","2","2023-06-06 11:20","LIS","LPPT",160
"BA","BAW","BA1412","BAW1412","1412","LHR","EGLL","5","2023-06-06 11:20","BHD","EGAC",85
"IB","IBE","IB7503","IBE7503","7503","LHR","EGLL","5","2023-06-06 11:20","ARN","ESSA",155
"BA","BAW","BA75","BAW75","75","LHR","EGLL","5","2023-06-06 11:20","LOS","DNMM",395
"SQ","SIA","SQ317","SIA317","317","LHR","EGLL","2","2023-06-06 11:25","SIN","WSSS",785
"UA","UAL","UA6919","UAL6919","6919","LHR","EGLL","2","2023-06-06 11:25","IST","LTFM",220
"UA","UAL","UA230","UAL230","230","LHR","EGLL","2","2023-06-06 11:25","LAX","KLAX",665
"DL","DAL","DL8655","DAL8655","8655","LHR","EGLL","4","2023-06-06 11:30","CDG","LFPG",80
"AA","AAL","AA8603","AAL8603","8603","LHR","EGLL","5","2023-06-06 11:30","MAD","LEMD",150
"BA","BAW","BA538","BAW538","538","LHR","EGLL","5","2023-06-06 11:30","FCO","LIRF",160
"BA","BAW","BA255","BAW255","255","LHR","EGLL","5","2023-06-06 11:30","BGI","TBPB",525
"BA","BAW","BA646","BAW646","646","LHR","EGLL","5","2023-06-06 11:30","EFL","LGKF",210
"BA","BAW","BA730","BAW730","730","LHR","EGLL","5","2023-06-06 11:35","GVA","LSGG",100
"AA","AAL","AA6504","AAL6504","6504","LHR","EGLL","5","2023-06-06 11:35","AMS","EHAM",85
"BA","BAW","BA636","BAW636","636","LHR","EGLL","5","2023-06-06 11:35","ATH","LGAV",225
"EI","EIN","EI8873","EIN8873","8873","LHR","EGLL","5","2023-06-06 11:40","JFK","KJFK",465
"IB","IBE","IB7439","IBE7439","7439","LHR","EGLL","5","2023-06-06 11:40","LAX","KLAX",675
"VS","VIR","VS4045","VIR4045","4045","LHR","EGLL","3","2023-06-06 11:45","ATL","KATL",565
"MH","MAS","MH9824","MAS9824","9824","LHR","EGLL","5","2023-06-06 11:45","EDI","EGPH",85
"KL","KLM","KL1010","KLM1010","1010","LHR","EGLL","4","2023-06-06 11:45","AMS","EHAM",80
"BA","BAW","BA714","BAW714","714","LHR","EGLL","5","2023-06-06 11:45","ZRH","LSZH",105
"NZ","ANZ","NZ4161","ANZ4161","4161","LHR","EGLL","3","2023-06-06 11:50","SFO","KSFO",660
"BA","BAW","BA191","BAW191","191","LHR","EGLL","5","2023-06-06 11:50","AUS","KAUS",605
"BA","BAW","BA574","BAW574","574","LHR","EGLL","5","2023-06-06 10:30","LIN","LIML",120
"QF","QFA","QF10","QFA10","10","LHR","EGLL","3","2023-06-06 11:55","PER","YPPH",1005
"BA","BAW","BA662","BAW662","662","LHR","EGLL","5","2023-06-06 11:55","LCA","LCLK",280
"BA","BAW","BA886","BAW886","886","LHR","EGLL","3","2023-06-06 11:55","OTP","LROP",200
"B6","JBU","B620","JBU20","20","LHR","EGLL","2","2023-06-06 11:55","JFK","KJFK",499
"LX","SWR","LX3064","SWR3064","3064","LHR","EGLL","2","2023-06-06 12:00","EWR","KEWR",490
"BA","BAW","BA1520","BAW1520","1520","LHR","EGLL","3","2023-06-06 12:00","DFW","KDFW",610
"QR","QTR","QR5893","QTR5893","5893","LHR","EGLL","5","2023-06-06 12:00","JER","EGJJ",65
"BA","BAW","BA506","BAW506","506","LHR","EGLL","5","2023-06-06 12:00","FAO","LPFR",170
"EI","EIN","EI159","EIN159","159","LHR","EGLL","2","2023-06-06 12:00","DUB","EIDW",85
"MH","MAS","MH9842","MAS9842","9842","LHR","EGLL","5","2023-06-06 12:05","GLA","EGPF",85
"AC","ACA","AC6830","ACA6830","6830","LHR","EGLL","2","2023-06-06 12:05","ZRH","LSZH",100
"VS","VIR","VS117","VIR117","117","LHR","EGLL","3","2023-06-06 12:10","MIA","KMIA",590
"VS","VIR","VS105","VIR105","105","LHR","EGLL","3","2023-06-06 12:10","SEA","KSEA",585
"BA","BAW","BA584","BAW584","584","LHR","EGLL","5","2023-06-06 12:10","MXP","LIMC",125
"UA","UAL","UA9628","UAL9628","9628","LHR","EGLL","2","2023-06-06 12:10","DUS","EDDL",80
"MH","MAS","MH9720","MAS9720","9720","LHR","EGLL","5","2023-06-06 11:55","BRU","EBBR",70
"LX","SWR","LX3062","SWR3062","3062","LHR","EGLL","2","2023-06-06 12:15","IAD","KIAD",490
"IB","IBE","IB4669","IBE4669","4669","LHR","EGLL","3","2023-06-06 12:15","CLT","KCLT",526
"AA","AAL","AA47","AAL47","47","LHR","EGLL","3","2023-06-06 12:15","ORD","KORD",530
"A3","AEE","A3601","AEE601","601","LHR","EGLL","2","2023-06-06 12:15","ATH","LGAV",215
"LX","SWR","LX3048","SWR3048","3048","LHR","EGLL","2","2023-06-06 12:20","SFO","KSFO",660
"AA","AAL","AA6683","AAL6683","6683","LHR","EGLL","5","2023-06-06 12:20","FCO","LIRF",155
"CX","CPA","CX252","CPA252","252","LHR","EGLL","3","2023-06-06 12:20","HKG","VHHH",740
"AA","AAL","AA6896","AAL6896","6896","LHR","EGLL","5","2023-06-06 12:25","AMS","EHAM",85
"IB","IBE","IB7423","IBE7423","7423","LHR","EGLL","5","2023-06-06 12:25","GIG","SBGL",700
"BA","BAW","BA169","BAW169","169","LHR","EGLL","5","2023-06-06 12:25","PVG","ZSPD",750
"AI","AIC","AI128","AIC128","128","LHR","EGLL","2","2023-06-06 12:30","BOM","VABB",530
"MH","MAS","MH9918","MAS9918","9918","LHR","EGLL","3","2023-06-06 12:30","VIE","LOWW",145
"SV","SVA","SV106","SVA106","106","LHR","EGLL","4","2023-06-06 12:30","RUH","OERK",405
"TG","THA","TG911","THA911","911","LHR","EGLL","2","2023-06-06 12:30","BKK","VTBS",690
"MH","MAS","MH9401","MAS9401","9401","LHR","EGLL","3","2023-06-06 12:35","MIA","KMIA",566
"AA","AAL","AA6968","AAL6968","6968","LHR","EGLL","5","2023-06-06 12:35","IAD","KIAD",480
"BA","BAW","BA952","BAW952","952","LHR","EGLL","5","2023-06-06 12:35","MUC","EDDM",115
"AA","AAL","AA6536","AAL6536","6536","LHR","EGLL","5","2023-06-06 12:40","CPH","EKCH",115
"UL","ALK","UL2869","ALK2869","2869","LHR","EGLL","2","2023-06-06 12:40","YHZ","CYHZ",410
"AA","AAL","AA6415","AAL6415","6415","LHR","EGLL","5","2023-06-06 12:45","ACC","DGAA",400
"VS","VIR","VS165","VIR165","165","LHR","EGLL","3","2023-06-06 12:45","MBJ","MKJS",585
"QR","QTR","QR6271","QTR6271","6271","LHR","EGLL","5","2023-06-06 12:45","EDI","EGPH",85
"SQ","SIA","SQ2537","SIA2537","2537","LHR","EGLL","3","2023-06-06 12:45","LAX","KLAX",670
"BA","BAW","BA35","BAW35","35","LHR","EGLL","5","2023-06-06 12:45","MAA","VOMM",615
"BA","BAW","BA193","BAW193","193","LHR","EGLL","5","2023-06-06 12:50","DFW","KDFW",600
"AY","FIN","AY5899","FIN5899","5899","LHR","EGLL","5","2023-06-06 12:50","GLA","EGPF",85
"AA","AAL","AA6553","AAL6553","6553","LHR","EGLL","5","2023-06-06 12:55","IST","LTFM",250
"DL","DAL","DL17","DAL17","17","LHR","EGLL","3","2023-06-06 12:55","DTW","KDTW",505
"AA","AAL","AA6629","AAL6629","6629","LHR","EGLL","3","2023-06-06 12:55","OSL","ENGM",130
"BA","BAW","BA518","BAW518","518","LHR","EGLL","5","2023-06-06 12:55","LIS","LPPT",170
"IB","IBE","IB7347","IBE7347","7347","LHR","EGLL","5","2023-06-06 12:55","DXB","OMDB",430
"VS","VIR","VS8202","VIR8202","8202","LHR","EGLL","3","2023-06-06 13:00","BEY","OLBA",275
"LH","DLH","LH7631","DLH7631","7631","LHR","EGLL","2","2023-06-06 13:00","EWR","KEWR",490
"LY","ELY","LY8156","ELY8156","8156","LHR","EGLL","3","2023-06-06 13:00","PHL","KPHL",473
"IB","IBE","IB7462","IBE7462","7462","LHR","EGLL","5","2023-06-06 13:05","MAD","LEMD",145
"FI","ICE","FI451","ICE451","451","LHR","EGLL","2","2023-06-06 13:05","KEF","BIKF",190
"UA","UAL","UA928","UAL928","928","LHR","EGLL","2","2023-06-06 13:05","ORD","KORD",535
"MH","MAS","MH9700","MAS9700","9700","LHR","EGLL","5","2023-06-06 13:05","BCN","LEBL",125
"BA","BAW","BA690","BAW690","690","LHR","EGLL","3","2023-06-06 13:05","LJU","LJLJ",130
"BA","BAW","BA1470","BAW1470","1470","LHR","EGLL","5","2023-06-06 13:10","INV","EGPE",100
"QR","QTR","QR9736","QTR9736","9736","LHR","EGLL","5","2023-06-06 13:10","HAJ","EDDV",95
"IB","IBE","IB7376","IBE7376","7376","LHR","EGLL","5","2023-06-06 13:10","JFK","KJFK",470
"BA","BAW","BA93","BAW93","93","LHR","EGLL","5","2023-06-06 13:15","YYZ","CYYZ",460
"LO","LOT","LO4503","LOT4503","4503","LHR","EGLL","2","2023-06-06 13:15","DEL","VIDP",505
"AY","FIN","AY5930","FIN5930","5930","LHR","EGLL","5","2023-06-06 13:20","ARN","ESSA",155
"KL","KLM","KL2503","KLM2503","2503","LHR","EGLL","3","2023-06-06 13:20","JFK","KJFK",485
"AA","AAL","AA6556","AAL6556","6556","LHR","EGLL","5","2023-06-06 13:20","CDG","LFPG",75
"JL","JAL","JL7779","JAL7779","7779","LHR","EGLL","5","2023-06-06 13:20","DUS","EDDL",85
"BA","BAW","BA5963","BAW5963","5963","LHR","EGLL","2","2023-06-06 13:25","DUB","EIDW",85
"IB","IBE","IB7456","IBE7456","7456","LHR","EGLL","5","2023-06-06 13:25","IBZ","LEIB",150
"AA","AAL","AA6848","AAL6848","6848","LHR","EGLL","5","2023-06-06 13:25","ATH","LGAV",225
"BA","BAW","BA1416","BAW1416","1416","LHR","EGLL","5","2023-06-06 13:30","BHD","EGAC",85
"OU","CTN","OU5483","CTN5483","5483","LHR","EGLL","2","2023-06-06 13:30","FRA","EDDF",95
"AA","AAL","AA6727","AAL6727","6727","LHR","EGLL","5","2023-06-06 13:30","VCE","LIPZ",140
"JU","ASL","JU381","ASL381","381","LHR","EGLL","4","2023-06-06 13:30","BEG","LYBE",160
"A3","AEE","A31603","AEE1603","1603","LHR","EGLL","2","2023-06-06 13:35","MUC","EDDM",110
"EI","EIN","EI8767","EIN8767","8767","LHR","EGLL","5","2023-06-06 13:40","PHL","KPHL",475
"QR","QTR","QR9778","QTR9778","9778","LHR","EGLL","5","2023-06-06 13:40","FRA","EDDF",105
"AC","ACA","AC5931","ACA5931","5931","LHR","EGLL","2","2023-06-06 13:40","IAH","KIAH",610
"S4","RZO","S48603","RZO8603","8603","LHR","EGLL","2","2023-06-06 13:45","LIS","LPPT",160
"AA","AAL","AA6426","AAL6426","6426","LHR","EGLL","3","2023-06-06 13:45","BUD","LHBP",155
"VS","VIR","VS250","VIR250","250","LHR","EGLL","3","2023-06-06 13:45","PVG","ZSPD",760
"UA","UAL","UA9759","UAL9759","9759","LHR","EGLL","2","2023-06-06 13:45","ZRH","LSZH",105
"AY","FIN","AY5453","FIN5453","5453","LHR","EGLL","5","2023-06-06 13:50","SAN","KSAN",675
"BA","BAW","BA844","BAW844","844","LHR","EGLL","5","2023-06-06 13:50","DBV","LDDU",170
"BA","BAW","BA5929","BAW5929","5929","LHR","EGLL","2","2023-06-06 13:50","ORK","EICK",80
"IB","IBE","IB7557","IBE7557","7557","LHR","EGLL","5","2023-06-06 13:55","MAN","EGCC",65
"LH","DLH","LH6588","DLH6588","6588","LHR","EGLL","2","2023-06-06 12:05","YYZ","CYYZ",475
"VS","VIR","VS8009","VIR8009","8009","LHR","EGLL","4","2023-06-06 13:55","YYC","CYYC",525
"DL","DAL","DL33","DAL33","33","LHR","EGLL","3","2023-06-06 13:55","ATL","KATL",575
"SK","SAS","SK532","SAS532","532","LHR","EGLL","2","2023-06-06 13:55","ARN","ESSA",150
"AA","AAL","AA6530","AAL6530","6530","LHR","EGLL","3","2023-06-06 14:00","BAH","OBBI",385
"BA","BAW","BA850","BAW850","850","LHR","EGLL","5","2023-06-06 14:00","WAW","EPWA",145
"AY","FIN","AY5527","FIN5527","5527","LHR","EGLL","5","2023-06-06 14:05","SFO","KSFO",665
"BA","BAW","BA263","BAW263","263","LHR","EGLL","5","2023-06-06 14:05","RUH","OERK",400
"AY","FIN","AY5793","FIN5793","5793","LHR","EGLL","3","2023-06-06 14:05","DFW","KDFW",610
"BA","BAW","BA1312","BAW1312","1312","LHR","EGLL","5","2023-06-06 14:05","ABZ","EGPD",95
"A3","AEE","A33090","AEE3090","3090","LHR","EGLL","2","2023-06-06 14:05","YUL","CYUL",430
"NZ","ANZ","NZ4839","ANZ4839","4839","LHR","EGLL","2","2023-06-06 14:10","YVR","CYVR",575
"MH","MAS","MH9872","MAS9872","9872","LHR","EGLL","5","2023-06-06 14:10","LYS","LFLL",100
"AY","FIN","AY4087","FIN4087","4087","LHR","EGLL","3","2023-06-06 14:10","SEA","KSEA",600
"SN","BEL","SN9106","BEL9106","9106","LHR","EGLL","2","2023-06-06 14:10","SFO","KSFO",655
"BA","BAW","BA462","BAW462","462","LHR","EGLL","5","2023-06-06 14:10","MAD","LEMD",145
"BA","BAW","BA7810","BAW7810","7810","LHR","EGLL","2","2023-06-06 14:15","IOM","EGNS",85
"AA","AAL","AA6655","AAL6655","6655","LHR","EGLL","5","2023-06-06 14:15","BLR","VOBL",600
"GA","GIA","GA8862","GIA8862","8862","LHR","EGLL","3","2023-06-06 14:20","DXB","OMDB",420
"EI","EIN","EI165","EIN165","165","LHR","EGLL","2","2023-06-06 14:20","DUB","EIDW",85
"BA","BAW","BA316","BAW316","316","LHR","EGLL","5","2023-06-06 14:20","CDG","LFPG",80
"AA","AAL","AA6899","AAL6899","6899","LHR","EGLL","5","2023-06-06 14:20","ZRH","LSZH",105
"QR","QTR","QR5983","QTR5983","5983","LHR","EGLL","3","2023-06-06 14:25","MRS","LFML",110
"AA","AAL","AA6818","AAL6818","6818","LHR","EGLL","5","2023-06-06 14:25","BCN","LEBL",125
"AA","AAL","AA6726","AAL6726","6726","LHR","EGLL","5","2023-06-06 14:25","AMS","EHAM",80
"QR","QTR","QR2247","QTR2247","2247","LHR","EGLL","3","2023-06-06 14:25","ORD","KORD",510
"UA","UAL","UA9739","UAL9739","9739","LHR","EGLL","2","2023-06-06 14:25","GVA","LSGG",100
"BA","BAW","BA1334","BAW1334","1334","LHR","EGLL","5","2023-06-06 14:30","NCL","EGNT",75
"AA","AAL","AA6489","AAL6489","6489","LHR","EGLL","5","2023-06-06 14:30","EDI","EGPH",90
"AA","AAL","AA6928","AAL6928","6928","LHR","EGLL","5","2023-06-06 14:35","JFK","KJFK",475
"AY","FIN","AY5497","FIN5497","5497","LHR","EGLL","5","2023-06-06 14:35","IAH","KIAH",615
"AC","ACA","AC6946","ACA6946","6946","LHR","EGLL","2","2023-06-06 14:35","STR","EDDS",95
"BA","BAW","BA213","BAW213","213","LHR","EGLL","5","2023-06-06 14:40","BOS","KBOS",440
"SQ","SIA","SQ2509","SIA2509","2509","LHR","EGLL","3","2023-06-06 14:40","JFK","KJFK",485
"IB","IBE","IB4013","IBE4013","4013","LHR","EGLL","3","2023-06-06 14:40","MIA","KMIA",566
"BA","BAW","BA566","BAW566","566","LHR","EGLL","5","2023-06-06 14:40","MXP","LIMC",120
"AY","FIN","AY5529","FIN5529","5529","LHR","EGLL","5","2023-06-06 14:40","PHX","KPHX",650
"DL","DAL","DL9167","DAL9167","9167","LHR","EGLL","4","2023-06-06 14:45","AMS","EHAM",75
"BA","BAW","BA219","BAW219","219","LHR","EGLL","5","2023-06-06 14:45","DEN","KDEN",590
"EW","EWG","EW465","EWG465","465","LHR","EGLL","2","2023-06-06 14:45","CGN","EDDK",80
"UA","UAL","UA7667","UAL7667","7667","LHR","EGLL","2","2023-06-06 14:45","SNN","EINN",85
"AC","ACA","AC3714","ACA3714","3714","LHR","EGLL","2","2023-06-06 14:50","DEN","KDEN",580
"RO","ROT","RO392","ROT392","392","LHR","EGLL","4","2023-06-06 14:50","OTP","LROP",200
"UA","UAL","UA9634","UAL9634","9634","LHR","EGLL","2","2023-06-06 14:50","HAM","EDDH",90
"AC","ACA","AC6674","ACA6674","6674","LHR","EGLL","4","2023-06-06 14:50","AUH","OMAA",410
"BA","BAW","BA354","BAW354","354","LHR","EGLL","5","2023-06-06 14:55","NCE","LFMN",125
"AY","FIN","AY842","FIN842","842","LHR","EGLL","5","2023-06-06 14:55","SPU","LDSP",160
"AA","AAL","AA6667","AAL6667","6667","LHR","EGLL","5","2023-06-06 15:00","HYD","VOHS",585
"AC","ACA","AC2850","ACA2850","2850","LHR","EGLL","2","2023-06-06 15:00","CAI","HECA",280
"QR","QTR","QR9685","QTR9685","9685","LHR","EGLL","3","2023-06-06 15:00","VLC","LEVC",145
"AH","DAH","AH2055","DAH2055","2055","LHR","EGLL","4","2023-06-06 15:00","ALG","DAAG",175
"CZ","CSN","CZ7224","CSN7224","7224","LHR","EGLL","5","2023-06-06 15:05","PKX","ZBAD",690
"AA","AAL","AA6729","AAL6729","6729","LHR","EGLL","5","2023-06-06 15:05","MUC","EDDM",125
"BA","BAW","BA223","BAW223","223","LHR","EGLL","5","2023-06-06 15:05","BNA","KBNA",540
"OS","AUA","OS462","AUA462","462","LHR","EGLL","2","2023-06-06 15:05","VIE","LOWW",135
"QR","QTR","QR4","QTR4","4","LHR","EGLL","4","2023-06-06 15:05","DOH","OTHH",405
"EI","EIN","EI161","EIN161","161","LHR","EGLL","2","2023-06-06 15:10","DUB","EIDW",85
"JL","JAL","JL7793","JAL7793","7793","LHR","EGLL","5","2023-06-06 15:10","LIS","LPPT",165
"KL","KLM","KL6116","KLM6116","6116","LHR","EGLL","3","2023-06-06 15:10","SLC","KSLC",630
"LY","ELY","LY316","ELY316","316","LHR","EGLL","4","2023-06-06 15:15","TLV","LLBG",285
"AA","AAL","AA6594","AAL6594","6594","LHR","EGLL","3","2023-06-06 15:15","SOF","LBSF",190
"LY","ELY","LY8054","ELY8054","8054","LHR","EGLL","3","2023-06-06 15:15","JFK","KJFK",469
"BA","BAW","BA838","BAW838","838","LHR","EGLL","5","2023-06-06 15:15","CFU","LGKR",190
"IB","IBE","IB7437","IBE7437","7437","LHR","EGLL","5","2023-06-06 15:15","SJC","KSJC",660
"OS","AUA","OS7853","AUA7853","7853","LHR","EGLL","2","2023-06-06 15:20","ORD","KORD",535
"BA","BAW","BA760","BAW760","760","LHR","EGLL","3","2023-06-06 15:20","OSL","ENGM",130
"BA","BAW","BA243","BAW243","243","LHR","EGLL","5","2023-06-06 15:20","MEX","MMMX",685
"JL","JAL","JL7157","JAL7157","7157","LHR","EGLL","5","2023-06-06 15:20","BLQ","LIPE",130
"AF","AFR","AF3586","AFR3586","3586","LHR","EGLL","3","2023-06-06 15:25","SEA","KSEA",630
"AA","AAL","AA6831","AAL6831","6831","LHR","EGLL","5","2023-06-06 15:30","LIN","LIML",125
"EI","EIN","EI8967","EIN8967","8967","LHR","EGLL","5","2023-06-06 15:30","PDX","KPDX",590
"AA","AAL","AA6466","AAL6466","6466","LHR","EGLL","5","2023-06-06 15:30","DUS","EDDL",85
"BA","BAW","BA1346","BAW1346","1346","LHR","EGLL","5","2023-06-06 15:30","JER","EGJJ",65
"LH","DLH","LH909","DLH909","909","LHR","EGLL","2","2023-06-06 15:30","FRA","EDDF",95
"IB","IBE","IB7565","IBE7565","7565","LHR","EGLL","5","2023-06-06 15:35","BHD","EGAC",85
"BA","BAW","BA734","BAW734","734","LHR","EGLL","5","2023-06-06 15:35","GVA","LSGG",100
"EI","EIN","EI8997","EIN8997","8997","LHR","EGLL","5","2023-06-06 15:35","ORD","KORD",520
"AC","ACA","AC9996","ACA9996","9996","LHR","EGLL","2","2023-06-06 15:35","OSL","ENGM",135
"BA","BAW","BA614","BAW614","614","LHR","EGLL","5","2023-06-06 15:35","BDS","LIBR",180
"AF","AFR","AF1781","AFR1781","1781","LHR","EGLL","4","2023-06-06 15:40","CDG","LFPG",80
"AM","AMX","AM7678","AMX7678","7678","LHR","EGLL","3","2023-06-06 15:40","MCO","KMCO",561
"AA","AAL","AA6688","AAL6688","6688","LHR","EGLL","5","2023-06-06 15:40","HAM","EDDH",100
"BA","BAW","BA269","BAW269","269","LHR","EGLL","5","2023-06-06 15:45","LAX","KLAX",670
"BA","BAW","BA159","BAW159","159","LHR","EGLL","3","2023-06-06 15:50","BDA","TXKF",435
"QR","QTR","QR5931","QTR5931","5931","LHR","EGLL","5","2023-06-06 15:50","PMI","LEPA",145
"VY","VLG","VY5186","VLG5186","5186","LHR","EGLL","5","2023-06-06 15:50","MAD","LEMD",150
"A3","AEE","A33055","AEE3055","3055","LHR","EGLL","2","2023-06-06 15:55","YYZ","CYYZ",475
"VA","VOZ","VA6109","VOZ6109","6109","LHR","EGLL","4","2023-06-06 16:00","DOH","OTHH",405
"AA","AAL","AA6561","AAL6561","6561","LHR","EGLL","5","2023-06-06 16:00","EDI","EGPH",85
"UA","UAL","UA941","UAL941","941","LHR","EGLL","2","2023-06-06 16:00","EWR","KEWR",490
"IB","IBE","IB7409","IBE7409","7409","LHR","EGLL","5","2023-06-06 16:00","MSY","KMSY",590
"IB","IBE","IB7511","IBE7511","7511","LHR","EGLL","3","2023-06-06 16:05","GOT","ESGG",120
"DL","DAL","DL5920","DAL5920","5920","LHR","EGLL","3","2023-06-06 16:05","TPA","KTPA",590
"AY","FIN","AY5401","FIN5401","5401","LHR","EGLL","5","2023-06-06 16:05","CVG","KCVG",520
"AA","AAL","AA6459","AAL6459","6459","LHR","EGLL","5","2023-06-06 16:05","AMS","EHAM",80
"QF","QFA","QF3539","QFA3539","3539","LHR","EGLL","5","2023-06-06 16:05","BER","EDDB",115
"UL","ALK","UL3240","ALK3240","3240","LHR","EGLL","3","2023-06-06 16:10","HEL","EFHK",170
"BA","BAW","BA596","BAW596","596","LHR","EGLL","5","2023-06-06 16:10","VCE","LIPZ",140
"BA","BAW","BA606","BAW606","606","LHR","EGLL","5","2023-06-06 16:10","PSA","LIRP",135
"EI","EIN","EI8927","EIN8927","8927","LHR","EGLL","5","2023-06-06 16:10","ATL","KATL",555
"AA","AAL","AA6691","AAL6691","6691","LHR","EGLL","5","2023-06-06 16:15","ABZ","EGPD",95
"BA","BAW","BA4006","BAW4006","4006","LHR","EGLL","2","2023-06-06 16:15","LDY","EGAE",85
"AA","AAL","AA6580","AAL6580","6580","LHR","EGLL","5","2023-06-06 16:15","NCE","LFMN",125
"OS","AUA","OS7847","AUA7847","7847","LHR","EGLL","2","2023-06-06 16:15","LAX","KLAX",665
"SV","SVA","SV122","SVA122","122","LHR","EGLL","4","2023-06-06 16:15","RUH","OERK",405
"AF","AFR","AF9094","AFR9094","9094","LHR","EGLL","3","2023-06-06 16:20","LAX","KLAX",695
"IB","IBE","IB7351","IBE7351","7351","LHR","EGLL","5","2023-06-06 16:20","JFK","KJFK",480
"HY","UZB","HY202","UZB202","202","LHR","EGLL","4","2023-06-06 16:20","TAS","UTTT",410
"BA","BAW","BA554","BAW554","554","LHR","EGLL","5","2023-06-06 16:20","FCO","LIRF",160
"VS","VIR","VS153","VIR153","153","LHR","EGLL","3","2023-06-06 16:25","JFK","KJFK",465
"AM","AMX","AM7683","AMX7683","7683","LHR","EGLL","3","2023-06-06 16:30","LAS","KLAS",640
"IB","IBE","IB7466","IBE7466","7466","LHR","EGLL","5","2023-06-06 16:30","MAD","LEMD",145
"QR","QTR","QR5997","QTR5997","5997","LHR","EGLL","5","2023-06-06 16:30","BRU","EBBR",70
"BA","BAW","BA806","BAW806","806","LHR","EGLL","3","2023-06-06 16:30","BLL","EKBI",100
"LH","DLH","LH911","DLH911","911","LHR","EGLL","2","2023-06-06 16:30","FRA","EDDF",95
"BA","BAW","BA954","BAW954","954","LHR","EGLL","5","2023-06-06 16:35","MUC","EDDM",125
"SQ","SIA","SQ2863","SIA2863","2863","LHR","EGLL","2","2023-06-06 16:35","ATH","LGAV",215
"LH","DLH","LH9266","DLH9266","9266","LHR","EGLL","2","2023-06-06 16:40","IAD","KIAD",505
"UA","UAL","UA6921","UAL6921","6921","LHR","EGLL","2","2023-06-06 16:40","IST","LTFM",230
"AA","AAL","AA6568","AAL6568","6568","LHR","EGLL","5","2023-06-06 16:40","GLA","EGPF",85
"AA","AAL","AA6498","AAL6498","6498","LHR","EGLL","5","2023-06-06 16:40","FRA","EDDF",100
"KU","KAC","KU102","KAC102","102","LHR","EGLL","4","2023-06-06 16:45","KWI","OKBK",355
"EI","EIN","EI169","EIN169","169","LHR","EGLL","2","2023-06-06 16:50","DUB","EIDW",85
"QF","QFA","QF8030","QFA8030","8030","LHR","EGLL","3","2023-06-06 16:50","DXB","OMDB",415
"IB","IBE","IB7435","IBE7435","7435","LHR","EGLL","5","2023-06-06 16:50","LAS","KLAS",640
"SV","SVA","SV112","SVA112","112","LHR","EGLL","4","2023-06-06 16:50","JED","OEJN",370
"KQ","KQA","KQ4376","KQA4376","4376","LHR","EGLL","4","2023-06-06 16:55","FCO","LIRF",160
"BA","BAW","BA171","BAW171","171","LHR","EGLL","5","2023-06-06 16:55","PIT","KPIT",480
"IB","IBE","IB4784","IBE4784","4784","LHR","EGLL","3","2023-06-06 16:55","CLT","KCLT",515
"LY","ELY","LY8055","ELY8055","8055","LHR","EGLL","3","2023-06-06 17:00","JFK","KJFK",469
"AA","AAL","AA6886","AAL6886","6886","LHR","EGLL","5","2023-06-06 17:00","WAW","EPWA",145
"SQ","SIA","SQ2646","SIA2646","2646","LHR","EGLL","2","2023-06-06 17:00","CPH","EKCH",110
"CX","CPA","CX238","CPA238","238","LHR","EGLL","3","2023-06-06 17:00","HKG","VHHH",735
"AA","AAL","AA7192","AAL7192","7192","LHR","EGLL","3","2023-06-06 17:05","AMM","OJAI",305
"BA","BAW","BA167","BAW167","167","LHR","EGLL","5","2023-06-06 17:05","TLV","LLBG",290
"IB","IBE","IB7395","IBE7395","7395","LHR","EGLL","5","2023-06-06 17:05","BOS","KBOS",455
"BA","BAW","BA1454","BAW1454","1454","LHR","EGLL","5","2023-06-06 17:10","EDI","EGPH",85
"KL","KLM","KL1022","KLM1022","1022","LHR","EGLL","4","2023-06-06 17:10","AMS","EHAM",85
"IB","IBE","IB3171","IBE3171","3171","LHR","EGLL","5","2023-06-06 17:10","MAD","LEMD",150
"LX","SWR","LX325","SWR325","325","LHR","EGLL","2","2023-06-06 17:10","ZRH","LSZH",105
"IB","IBE","IB7341","IBE7341","7341","LHR","EGLL","5","2023-06-06 17:10","YYZ","CYYZ",465
"AA","AAL","AA7002","AAL7002","7002","LHR","EGLL","5","2023-06-06 17:15","IAD","KIAD",490
"GF","GFA","GF6637","GFA6637","6637","LHR","EGLL","3","2023-06-06 17:15","LAX","KLAX",679
"LX","SWR","LX349","SWR349","349","LHR","EGLL","2","2023-06-06 17:15","GVA","LSGG",100
"BA","BAW","BA796","BAW796","796","LHR","EGLL","5","2023-06-06 17:15","OPO","LPPR",140
"BA","BAW","BA998","BAW998","998","LHR","EGLL","5","2023-06-06 17:20","BER","EDDB",115
"JL","JAL","JL7161","JAL7161","7161","LHR","EGLL","5","2023-06-06 17:20","BCN","LEBL",125
"BA","BAW","BA312","BAW312","312","LHR","EGLL","5","2023-06-06 17:20","AMM","OJAI",315
"EI","EIN","EI8765","EIN8765","8765","LHR","EGLL","5","2023-06-06 17:25","YVR","CYVR",575
"JL","JAL","JL7855","JAL7855","7855","LHR","EGLL","3","2023-06-06 17:25","PRG","LKPR",120
"BA","BAW","BA920","BAW920","920","LHR","EGLL","3","2023-06-06 17:25","STR","EDDS",105
"DL","DAL","DL5985","DAL5985","5985","LHR","EGLL","3","2023-06-06 17:15","BOS","KBOS",466
"NH","ANA","NH6138","ANA6138","6138","LHR","EGLL","2","2023-06-06 17:30","FRA","EDDF",95
"BA","BAW","BA1424","BAW1424","1424","LHR","EGLL","5","2023-06-06 17:30","BHD","EGAC",85
"KL","KLM","KL4809","KLM4809","4809","LHR","EGLL","3","2023-06-06 17:30","LAX","KLAX",670
"SK","SAS","SK810","SAS810","810","LHR","EGLL","2","2023-06-06 17:30","OSL","ENGM",135
"VS","VIR","VS41","VIR41","41","LHR","EGLL","3","2023-06-06 17:30","SFO","KSFO",660
"KQ","KQA","KQ3081","KQA3081","3081","LHR","EGLL","4","2023-06-06 17:35","CDG","LFPG",80
"AC","ACA","AC6964","ACA6964","6964","LHR","EGLL","2","2023-06-06 17:35","DUS","EDDL",80
"QR","QTR","QR9700","QTR9700","9700","LHR","EGLL","5","2023-06-06 17:35","DUB","EIDW",90
"JL","JAL","JL7141","JAL7141","7141","LHR","EGLL","3","2023-06-06 17:40","LUX","ELLX",80
"QR","QTR","QR9772","QTR9772","9772","LHR","EGLL","5","2023-06-06 17:45","GVA","LSGG",100
"BA","BAW","BA356","BAW356","356","LHR","EGLL","5","2023-06-06 17:45","NCE","LFMN",125
"LH","DLH","LH2479","DLH2479","2479","LHR","EGLL","2","2023-06-06 17:50","MUC","EDDM",110
"SN","BEL","SN2096","BEL2096","2096","LHR","EGLL","2","2023-06-06 17:50","BRU","EBBR",65
"TU","TAR","TU791","TAR791","791","LHR","EGLL","4","2023-06-06 17:50","TUN","DTTA",175
"DL","DAL","DL4","DAL4","4","LHR","EGLL","3","2023-06-06 17:50","JFK","KJFK",485
"VN","HVN","VN56","HVN56","56","LHR","EGLL","4","2023-06-06 17:55","HAN","VVNB",715
"IR","IRA","IR710","IRA710","710","LHR","EGLL","3","2023-06-06 17:55","IKA","OIIE",360
"AC","ACA","AC5216","ACA5216","5216","LHR","EGLL","2","2023-06-06 18:00","EWR","KEWR",490
"UA","UAL","UA25","UAL25","25","LHR","EGLL","2","2023-06-06 18:00","BOS","KBOS",460
"LH","DLH","LH6586","DLH6586","6586","LHR","EGLL","2","2023-06-06 18:00","YYZ","CYYZ",475
"BA","BAW","BA31","BAW31","31","LHR","EGLL","5","2023-06-06 18:00","HKG","VHHH",760
"SK","SAS","SK528","SAS528","528","LHR","EGLL","2","2023-06-06 18:05","ARN","ESSA",150
"JL","JAL","JL7777","JAL7777","7777","LHR","EGLL","5","2023-06-06 18:05","CPH","EKCH",115
"EI","EIN","EI8879","EIN8879","8879","LHR","EGLL","5","2023-06-06 18:05","JFK","KJFK",475
"KC","KZR","KC664","KZR664","664","LHR","EGLL","4","2023-06-06 18:05","SCO","UATE",350
"AA","AAL","AA7024","AAL7024","7024","LHR","EGLL","5","2023-06-06 18:05","CAI","HECA",300
"QF","QFA","QF3804","QFA3804","3804","LHR","EGLL","3","2023-06-06 18:10","HEL","EFHK",170
"IB","IBE","IB7582","IBE7582","7582","LHR","EGLL","5","2023-06-06 18:10","EDI","EGPH",85
"AA","AAL","AA8074","AAL8074","8074","LHR","EGLL","2","2023-06-06 18:10","DUB","EIDW",85
"UA","UAL","UA6812","UAL6812","6812","LHR","EGLL","2","2023-06-06 18:10","WAW","EPWA",155
"AT","RAM","AT801","RAM801","801","LHR","EGLL","4","2023-06-06 18:10","CMN","GMMN",205
"BA","BAW","BA442","BAW442","442","LHR","EGLL","5","2023-06-06 18:15","AMS","EHAM",80
"JL","JAL","JL7747","JAL7747","7747","LHR","EGLL","5","2023-06-06 18:15","GLA","EGPF",85
"EI","EIN","EI8795","EIN8795","8795","LHR","EGLL","5","2023-06-06 18:15","YUL","CYUL",430
"AA","AAL","AA6506","AAL6506","6506","LHR","EGLL","5","2023-06-06 18:15","NAP","LIRN",160
"BA","BAW","BA1316","BAW1316","1316","LHR","EGLL","5","2023-06-06 18:15","ABZ","EGPD",95
"CX","CPA","CX250","CPA250","250","LHR","EGLL","3","2023-06-06 18:20","HKG","VHHH",740
"BA","BAW","BA680","BAW680","680","LHR","EGLL","5","2023-06-06 18:20","IST","LTFM",245
"BA","BAW","BA261","BAW261","261","LHR","EGLL","5","2023-06-06 18:25","ISB","OPIS",480
"BA","BAW","BA5923","BAW5923","5923","LHR","EGLL","2","2023-06-06 18:25","ORK","EICK",85
"KQ","KQA","KQ101","KQA101","101","LHR","EGLL","4","2023-06-06 18:25","NBO","HKJK",515
"PK","PIA","PK5972","PIA5972","5972","LHR","EGLL","2","2023-06-06 18:30","IST","LTFM",220
"AA","AAL","AA6750","AAL6750","6750","LHR","EGLL","5","2023-06-06 18:30","NCL","EGNT",75
"BA","BAW","BA598","BAW598","598","LHR","EGLL","5","2023-06-06 18:30","VCE","LIPZ",130
"BA","BAW","BA1402","BAW1402","1402","LHR","EGLL","5","2023-06-06 18:30","MAN","EGCC",65
"LH","DLH","LH917","DLH917","917","LHR","EGLL","2","2023-06-06 18:30","FRA","EDDF",95
"DL","DAL","DL5989","DAL5989","5989","LHR","EGLL","3","2023-06-06 18:35","JFK","KJFK",455
"BA","BAW","BA328","BAW328","328","LHR","EGLL","5","2023-06-06 18:35","CDG","LFPG",80
"BA","BAW","BA570","BAW570","570","LHR","EGLL","5","2023-06-06 18:35","LIN","LIML",120
"AA","AAL","AA6702","AAL6702","6702","LHR","EGLL","5","2023-06-06 18:35","LCA","LCLK",275
"BA","BAW","BA61","BAW61","61","LHR","EGLL","5","2023-06-06 18:35","MLE","VRMM",625
"SK","SAS","SK1516","SAS1516","1516","LHR","EGLL","2","2023-06-06 18:40","CPH","EKCH",110
"NH","ANA","NH6754","ANA6754","6754","LHR","EGLL","2","2023-06-06 18:40","ZRH","LSZH",100
"LA","LAN","LA7139","LAN7139","7139","LHR","EGLL","5","2023-06-06 18:45","MAD","LEMD",145
"AC","ACA","AC2667","ACA2667","2667","LHR","EGLL","2","2023-06-06 18:45","LIS","LPPT",160
"AA","AAL","AA6672","AAL6672","6672","LHR","EGLL","5","2023-06-06 18:50","DUS","EDDL",85
"GF","GFA","GF6445","GFA6445","6445","LHR","EGLL","3","2023-06-06 18:50","LAX","KLAX",680
"DL","DAL","DL5945","DAL5945","5945","LHR","EGLL","3","2023-06-06 18:50","BOM","VABB",560
"BA","BAW","BA7856","BAW7856","7856","LHR","EGLL","2","2023-06-06 18:50","DND","EGPN",100
