"airline_name","airport_name","dep_iata","dep_time","top_airports","top_airlines","destination"
"Qatar Airways","Edinburgh Airport","LHR","2023-06-05 14:15",20,42,"Domestic"
"SAS","Stockholm Arlanda Airport","LHR","2023-06-05 13:55",13,16,"International"
"Brussels Airlines","San Francisco International Airport","LHR","2023-06-05 14:10",10,6,"International"
"American Airlines","Lisbon Humberto Delgado Airport","LHR","2023-06-05 13:35",16,174,"International"
"American Airlines","Chicago O'Hare International Airport","LHR","2023-06-05 14:25",11,174,"International"
"Iberia","Bahrain International Airport","LHR","2023-06-05 14:00",5,50,"International"
"British Airways","King Khalid International","LHR","2023-06-05 14:05",6,197,"International"
"British Airways","Aeroport Geneve-Cointrin","LHR","2023-06-05 14:00",17,197,"International"
"Air Canada","Zurich Airport","LHR","2023-06-05 13:45",18,43,"International"
"American Airlines","Frankfurt Airport","LHR","2023-06-05 14:15",23,174,"International"
"Swiss","Aeroport Geneve-Cointrin","LHR","2023-06-05 14:25",17,17,"International"
"Iberia","Adolfo Suarez Madrid-Barajas Airport","LHR","2023-06-05 14:20",19,50,"International"
"Virgin Atlantic","John F. Kennedy International Airport","LHR","2023-06-05 14:40",33,22,"International"
"British Airways","Eleftherios Venizelos International Airport","LHR","2023-06-05 14:10",12,197,"International"
"American Airlines","Bologna Guglielmo Marconi Airport","LHR","2023-06-05 14:30",5,174,"International"
"British Airways","John F. Kennedy International Airport","LHR","2023-06-05 14:35",33,197,"International"
"Iberia","Miami International Airport","LHR","2023-06-05 14:40",6,50,"International"
"Loganair","Isle of Man Airport","LHR","2023-06-05 14:15",2,3,"International"
"Air Canada","Cologne Bonn Airport","LHR","2023-06-05 14:45",5,43,"International"
"Aer Lingus","San Francisco International Airport","LHR","2023-06-05 14:05",10,28,"International"
"Aer Lingus","Phoenix Sky Harbor International Airport","LHR","2023-06-05 14:40",3,28,"International"
"British Airways","George Bush Intercontinental Airport","LHR","2023-06-05 14:35",5,197,"International"
"Aer Lingus","Logan International Airport","LHR","2023-06-05 14:40",13,28,"International"
"Qantas Airways","Dubai International Airport","LHR","2023-06-05 14:20",15,11,"International"
"Xiamen Airlines","Amsterdam Airport Schiphol","LHR","2023-06-05 14:45",24,3,"International"
"Air New Zealand","Abu Dhabi International Airport","LHR","2023-06-05 14:50",7,5,"International"
"Air Canada","Stuttgart Airport","LHR","2023-06-05 14:35",9,43,"International"
"British Airways","Kempegowda International Airport","LHR","2023-06-05 14:15",2,197,"International"
"United Airlines","Hamburg Airport","LHR","2023-06-05 14:50",10,20,"International"
"American Airlines","Dublin Airport","LHR","2023-06-05 14:20",26,174,"International"
"Virgin Atlantic","Salt Lake City International Airport","LHR","2023-06-05 15:10",2,22,"International"
"American Airlines","Nashville International Airport","LHR","2023-06-05 15:05",2,174,"International"
"Air Canada","Chicago O'Hare International Airport","LHR","2023-06-05 15:20",11,43,"International"
"American Airlines","John F. Kennedy International Airport","LHR","2023-06-05 15:15",33,174,"International"
"British Airways","Amsterdam Airport Schiphol","LHR","2023-06-05 14:30",24,197,"International"
"Qatar Airways","Marseille Provence Airport","LHR","2023-06-05 15:05",5,42,"International"
"Qatar Airways","Lisbon Humberto Delgado Airport","LHR","2023-06-05 15:10",16,42,"International"
"American Airlines","Sofia Airport","LHR","2023-06-05 14:00",3,174,"International"
"Finnair","Falcone-Borsellino Airport","LHR","2023-06-05 15:00",1,31,"International"
"British Airways","Nice Cote d'Azur International Airport","LHR","2023-06-05 15:00",12,197,"International"
"Air France","Seattle-Tacoma International Airport","LHR","2023-06-05 15:25",5,20,"International"
"British Airways","Denver International Airport","LHR","2023-06-05 14:50",4,197,"International"
"Aer Lingus","Shannon Airport","LHR","2023-06-05 14:45",5,28,"International"
"Iberia","Barcelona-El Prat Airport","LHR","2023-06-05 14:30",12,50,"International"
"Air Canada","Cairo International Airport","LHR","2023-06-05 15:00",7,43,"International"
"British Airways","Dublin Airport","LHR","2023-06-05 15:15",26,197,"International"
"Iberia","Manchester Airport","LHR","2023-06-05 15:00",10,50,"Domestic"
"British Airways","John Paul II International Airport Krakow-Balice","LHR","2023-06-05 15:10",1,197,"International"
"American Airlines","Munich International Airport","LHR","2023-06-05 14:40",19,174,"International"
"American Airlines","Ben Gurion International Airport","LHR","2023-06-05 15:15",10,174,"International"
"Oman Air","Hamad International Airport","LHR","2023-06-05 15:05",12,3,"International"
"United Airlines","Vancouver International Airport","LHR","2023-06-05 14:10",4,20,"International"
"American Airlines","Portland International Airport","LHR","2023-06-05 15:30",2,174,"International"
"American Airlines","Paris Charles de Gaulle Airport","LHR","2023-06-05 15:05",17,174,"International"
"British Airways","Duesseldorf International Airport","LHR","2023-06-05 14:15",13,197,"International"
"British Airways","Warsaw Chopin Airport","LHR","2023-06-05 14:20",9,197,"International"
"British Airways","Edinburgh Airport","LHR","2023-06-05 15:20",20,197,"Domestic"
"British Airways","Benito Juarez International Airport","LHR","2023-06-05 15:20",4,197,"International"
"SAS","Oslo Airport, Gardermoen","LHR","2023-06-05 15:35",13,16,"International"
"Aeromexico","Paris Charles de Gaulle Airport","LHR","2023-06-05 15:30",17,8,"International"
"Lufthansa Cargo","Frankfurt Airport","LHR","2023-06-05 15:30",23,23,"International"
"Lufthansa","Frankfurt Airport","LHR","2023-06-05 15:30",23,23,"International"
"Delta Air Lines","Orlando International Airport","LHR","2023-06-05 15:40",2,18,"International"
"TAROM","Henri Coanda International Airport","LHR","2023-06-05 14:50",5,2,"International"
"Aer Lingus","Chicago O'Hare International Airport","LHR","2023-06-05 15:35",11,28,"International"
"British Airways","Rajiv Gandhi International Airport","LHR","2023-06-05 15:00",2,197,"International"
"Air Canada","Dublin Airport","LHR","2023-06-05 15:10",26,43,"International"
"American Airlines","Amsterdam Airport Schiphol","LHR","2023-06-05 15:35",24,174,"International"
"Japan Airlines","Gothenburg-Landvetter Airport","LHR","2023-06-05 15:35",5,20,"International"
"British Airways","Adolfo Suarez Madrid-Barajas Airport","LHR","2023-06-05 15:50",19,197,"International"
"China Southern Airlines","Beijing Daxing International Airport","LHR","2023-06-05 15:10",2,5,"International"
"American Airlines","Zurich Airport","LHR","2023-06-05 15:20",18,174,"International"
"United Airlines","Toronto Pearson International Airport","LHR","2023-06-05 15:55",9,20,"International"
"Finnair","Los Angeles International Airport","LHR","2023-06-05 15:45",18,31,"International"
"Austrian","Newark Liberty International Airport","LHR","2023-06-05 16:00",12,7,"International"
"RwandAir","Hamad International Airport","LHR","2023-06-05 16:00",12,2,"International"
"Iberia","George Best Belfast City Airport","LHR","2023-06-05 15:30",10,50,"Domestic"
"British Airways","Vienna International Airport","LHR","2023-06-05 15:30",10,197,"International"
"American Airlines","Barcelona-El Prat Airport","LHR","2023-06-05 15:50",12,174,"International"
"Delta Air Lines","Tampa International Airport","LHR","2023-06-05 16:05",2,18,"International"
"American Airlines","Nice Cote d'Azur International Airport","LHR","2023-06-05 16:05",12,174,"International"
"American Airlines","Cincinnati/Northern Kentucky International Airport","LHR","2023-06-05 16:05",2,174,"International"
"Qantas Airways","Berlin Brandenburg Airport","LHR","2023-06-05 16:00",9,11,"International"
"British Airways","Leonardo da Vinci-Fiumicino Airport","LHR","2023-06-05 16:15",11,197,"International"
"American Airlines","Helsinki-Vantaa Airport","LHR","2023-06-05 16:10",6,174,"International"
"British Airways","Valencia Airport","LHR","2023-06-05 16:10",2,197,"International"
"Qatar Airways","Malaga Airport","LHR","2023-06-05 16:10",2,42,"International"
"Iberia","L.F. Wade International Airport","LHR","2023-06-05 15:45",2,50,"International"
"Qatar Airways","Palma de Mallorca Airport","LHR","2023-06-05 16:10",3,42,"International"
"Finnair","John F. Kennedy International Airport","LHR","2023-06-05 16:20",33,31,"International"
"British Airways","City of Derry Airport","LHR","2023-06-05 16:15",5,197,"Domestic"
"Air New Zealand","Los Angeles International Airport","LHR","2023-06-05 16:15",18,5,"International"
"Qatar Airways","Billund Airport","LHR","2023-06-05 16:20",2,42,"International"
"Qantas Airways","Aberdeen International Airport","LHR","2023-06-05 16:05",8,11,"Domestic"
"Saudi Arabian Airlines","King Khalid International","LHR","2023-06-05 16:15",6,6,"International"
"Finnair","Naples International Airport","LHR","2023-06-05 15:35",5,31,"International"
"American Airlines","Milano Malpensa Airport","LHR","2023-06-05 15:40",6,174,"International"
"Delta Air Lines","John F. Kennedy International Airport","LHR","2023-06-05 16:25",33,18,"International"
"British Airways","Pisa International Airport","LHR","2023-06-05 16:30",3,197,"International"
"Air France","McCarran International Airport","LHR","2023-06-05 16:30",4,20,"International"
"Lufthansa Cargo","Frankfurt Airport","LHR","2023-06-05 16:30",23,23,"International"
"Lufthansa","Frankfurt Airport","LHR","2023-06-05 16:30",23,23,"International"
"British Airways","Brussels Airport","LHR","2023-06-05 16:30",10,197,"International"
"Air France","Los Angeles International Airport","LHR","2023-06-05 16:20",18,20,"International"
"British Airways","Olbia Costa Smeralda Airport","LHR","2023-06-05 16:40",1,197,"International"
"American Airlines","Venice Marco Polo Airport","LHR","2023-06-05 16:35",6,174,"International"
"British Airways","Munich International Airport","LHR","2023-06-05 16:35",19,197,"International"
"Air Canada","Eleftherios Venizelos International Airport","LHR","2023-06-05 16:35",12,43,"International"
"Austrian","Washington Dulles International Airport","LHR","2023-06-05 16:40",9,7,"International"
"Pakistan International Airlines","Istanbul Airport","LHR","2023-06-05 16:40",12,3,"International"
"Iberia","Newark Liberty International Airport","LHR","2023-06-05 16:45",12,50,"International"
"Iberia","Barcelona-El Prat Airport","LHR","2023-06-05 16:45",12,50,"International"
"Kuwait Airways","Kuwait International Airport","LHR","2023-06-05 16:45",5,3,"International"
"American Airlines","Dublin Airport","LHR","2023-06-05 16:50",26,174,"International"
"Aer Lingus","McCarran International Airport","LHR","2023-06-05 16:50",4,28,"International"
"Emirates","Dubai International Airport","LHR","2023-06-05 16:50",15,5,"International"
"Iberia","Charlotte Douglas International Airport","LHR","2023-06-05 16:55",4,50,"International"
"Iberia","Pittsburgh International Airport","LHR","2023-06-05 16:55",2,50,"International"
"British Airways","Jersey Airport","LHR","2023-06-05 16:00",7,197,"International"
"Iberia","John F. Kennedy International Airport","LHR","2023-06-05 17:00",33,50,"International"
"SAS","Copenhagen Airport","LHR","2023-06-05 17:00",14,16,"International"
"Cathay Pacific Airways","Hong Kong International Airport","LHR","2023-06-05 17:00",12,12,"International"
"Japan Airlines","Prague Vaclav Havel Airport","LHR","2023-06-05 17:00",6,20,"International"
"American Airlines","Logan International Airport","LHR","2023-06-05 17:05",13,174,"International"
"American Airlines","Ben Gurion International Airport","LHR","2023-06-05 17:05",10,174,"International"
"Royal Jordanian","Queen Alia International Airport","LHR","2023-06-05 17:05",4,3,"International"
"LATAM Airlines Chile","Copenhagen Airport","LHR","2023-06-05 17:05",14,6,"International"
"British Airways","Hartsfield-Jackson Atlanta International Airport","LHR","2023-06-05 16:10",5,197,"International"
"China Airlines","Leonardo da Vinci-Fiumicino Airport","LHR","2023-06-05 16:55",11,3,"International"
"Air Canada","Zurich Airport","LHR","2023-06-05 17:10",18,43,"International"
"GOL Linhas Aereas Inteligentes","Amsterdam Airport Schiphol","LHR","2023-06-05 17:10",24,2,"International"
"Aer Lingus","Toronto Pearson International Airport","LHR","2023-06-05 17:10",9,28,"International"
"British Airways","Adolfo Suarez Madrid-Barajas Airport","LHR","2023-06-05 17:10",19,197,"International"
"British Airways","Los Angeles International Airport","LHR","2023-06-05 17:15",18,197,"International"
"American Airlines","Frankfurt Airport","LHR","2023-06-05 17:15",23,174,"International"
"Swiss","Aeroport Geneve-Cointrin","LHR","2023-06-05 17:15",17,17,"International"
"American Airlines","Francisco de Sa Carneiro Airport","LHR","2023-06-05 17:20",2,174,"International"
"Japan Airlines","Duesseldorf International Airport","LHR","2023-06-05 17:20",13,20,"International"
"American Airlines","George Best Belfast City Airport","LHR","2023-06-05 17:15",10,174,"Domestic"
"Iberia","Vancouver International Airport","LHR","2023-06-05 17:25",4,50,"International"
"Virgin Atlantic","Logan International Airport","LHR","2023-06-05 17:15",13,22,"International"
"Virgin Atlantic","San Francisco International Airport","LHR","2023-06-05 17:30",10,22,"International"
"Virgin Atlantic","Los Angeles International Airport","LHR","2023-06-05 17:30",18,22,"International"
"Singapore Airlines","Oslo Airport, Gardermoen","LHR","2023-06-05 17:30",13,14,"International"
"British Airways","Berlin Brandenburg Airport","LHR","2023-06-05 17:30",9,197,"International"
"Finnair","Edinburgh Airport","LHR","2023-06-05 16:55",20,31,"Domestic"
"Air Austral","Paris Charles de Gaulle Airport","LHR","2023-06-05 17:35",17,1,"International"
"Qatar Airways","Marseille Provence Airport","LHR","2023-06-05 17:35",5,42,"International"
"Eurowings","Duesseldorf International Airport","LHR","2023-06-05 17:35",13,5,"International"
"Saudi Arabian Airlines","King Abdulaziz International Airport","LHR","2023-06-05 17:35",2,6,"International"
"Bulgaria Air","Sofia Airport","LHR","2023-06-05 17:35",3,1,"International"
"All Nippon Airways","Frankfurt Airport","LHR","2023-06-05 17:30",23,7,"International"
"Qatar Airways","Zurich Airport","LHR","2023-06-05 17:40",18,42,"International"
"Japan Airlines","Warsaw Chopin Airport","LHR","2023-06-05 17:40",9,20,"International"
"British Airways","Nice Cote d'Azur International Airport","LHR","2023-06-05 17:45",12,197,"International"
"All Nippon Airways","Munich International Airport","LHR","2023-06-05 17:50",19,7,"International"
"Singapore Airlines","Brussels Airport","LHR","2023-06-05 17:50",10,14,"International"
"Swiss","Logan International Airport","LHR","2023-06-05 18:00",13,17,"International"
"Swiss","Newark Liberty International Airport","LHR","2023-06-05 18:00",12,17,"International"
"British Airways","Hong Kong International Airport","LHR","2023-06-05 18:00",12,197,"International"
"British Airways","Washington Dulles International Airport","LHR","2023-06-05 17:20",9,197,"International"
"Austrian","Toronto Pearson International Airport","LHR","2023-06-05 18:00",9,7,"International"
"Air France","John F. Kennedy International Airport","LHR","2023-06-05 17:50",33,20,"International"
"British Airways","Jersey Airport","LHR","2023-06-05 18:00",7,197,"International"
"British Airways","Queen Alia International Airport","LHR","2023-06-05 17:20",4,197,"International"
"Iberia","John F. Kennedy International Airport","LHR","2023-06-05 18:05",33,50,"International"
"American Airlines","Aeroport Geneve-Cointrin","LHR","2023-06-05 18:05",17,174,"International"
"Aer Lingus","Montreal-Pierre Elliott Trudeau International Airport","LHR","2023-06-05 18:05",4,28,"International"
"Iberia","Cairo International Airport","LHR","2023-06-05 18:05",7,50,"International"
"SAS","Stockholm Arlanda Airport","LHR","2023-06-05 18:05",13,16,"International"
"Finnair","Helsinki-Vantaa Airport","LHR","2023-06-05 18:10",6,31,"International"
"Singapore Airlines","Warsaw Chopin Airport","LHR","2023-06-05 18:10",9,14,"International"
"American Airlines","Dublin Airport","LHR","2023-06-05 18:10",26,174,"International"
"Royal Air Maroc","Mohammed V International Airport","LHR","2023-06-05 18:10",2,3,"International"
"Kenya Airways","Newcastle International Airport","LHR","2023-06-05 18:15",7,8,"Domestic"
"Malaysia Airlines","Manchester Airport","LHR","2023-06-05 18:15",10,18,"Domestic"
"British Airways","Naples International Airport","LHR","2023-06-05 18:15",5,197,"International"
"American Airlines","Amsterdam Airport Schiphol","LHR","2023-06-05 18:15",24,174,"International"
"Cathay Pacific Airways","Hong Kong International Airport","LHR","2023-06-05 18:20",12,12,"International"
"American Airlines","Paris Charles de Gaulle Airport","LHR","2023-06-05 18:20",17,174,"International"
"Qatar Airways","Dublin Airport","LHR","2023-06-05 18:25",26,42,"International"
"British Airways","Cork Airport","LHR","2023-06-05 18:25",6,197,"International"
"Delta Air Lines","Jomo Kenyatta International Airport","LHR","2023-06-05 18:25",3,18,"International"
"Turkish Airlines","Istanbul Airport","LHR","2023-06-05 18:30",12,3,"International"
"Air Astana","Aktau Airport","LHR","2023-06-05 18:30",2,2,"International"
"Lufthansa Cargo","Frankfurt Airport","LHR","2023-06-05 18:30",23,23,"International"
"Lufthansa","Frankfurt Airport","LHR","2023-06-05 18:30",23,23,"International"
"Air Algerie","Houari Boumediene Airport","LHR","2023-06-05 18:30",3,2,"International"
"Air France","John F. Kennedy International Airport","LHR","2023-06-05 18:35",33,20,"International"
"American Airlines","Milano Linate Airport","LHR","2023-06-05 18:35",6,174,"International"
"American Airlines","Larnaca International Airport","LHR","2023-06-05 18:35",5,174,"International"
"Thai Lion","Copenhagen Airport","LHR","2023-06-05 18:40",14,4,"International"
"Swiss","Zurich Airport","LHR","2023-06-05 18:40",18,17,"International"
"Japan Airlines","Venice Marco Polo Airport","LHR","2023-06-05 18:40",6,20,"International"
"United Airlines","Lisbon Humberto Delgado Airport","LHR","2023-06-05 18:45",16,20,"International"
"British Airways","Adolfo Suarez Madrid-Barajas Airport","LHR","2023-06-05 18:45",19,197,"International"
"Qatar Airways","Edinburgh Airport","LHR","2023-06-05 18:45",20,42,"Domestic"
"British Airways","Los Angeles International Airport","LHR","2023-06-05 18:50",18,197,"International"
"Loganair","Dundee Airport","LHR","2023-06-05 18:50",3,3,"Domestic"
"Delta Air Lines","Chhatrapati Shivaji International Airport","LHR","2023-06-05 18:50",10,18,"International"
"Qatar Airways","Hamad International Airport","LHR","2023-06-05 18:55",12,42,"International"
"Pakistan International Airlines","Istanbul Airport","LHR","2023-06-05 18:55",12,3,"International"
"British Airways","Hamburg Airport","LHR","2023-06-05 18:55",10,197,"International"
"SAS","Stockholm Arlanda Airport","LHR","2023-06-05 19:00",13,16,"International"
"All Nippon Airways","Tokyo International Airport","LHR","2023-06-05 19:00",6,7,"International"
"Virgin Atlantic","Washington Dulles International Airport","LHR","2023-06-05 19:05",9,22,"International"
"American Airlines","John F. Kennedy International Airport","LHR","2023-06-05 19:05",33,174,"International"
"British Airways","Leonardo da Vinci-Fiumicino Airport","LHR","2023-06-05 19:05",11,197,"International"
"British Airways","O.R. Tambo International Airport","LHR","2023-06-05 19:05",6,197,"International"
"American Airlines","Stockholm Arlanda Airport","LHR","2023-06-05 19:05",13,174,"International"
"American Airlines","Duesseldorf International Airport","LHR","2023-06-05 19:10",13,174,"International"
"Lufthansa Cargo","Munich International Airport","LHR","2023-06-05 19:10",19,23,"International"
"Lufthansa","Munich International Airport","LHR","2023-06-05 19:10",19,23,"International"
"LATAM Airlines Chile","Adolfo Suarez Madrid-Barajas Airport","LHR","2023-06-05 19:10",19,6,"International"
"Aer Lingus","Newark Liberty International Airport","LHR","2023-06-05 19:10",12,28,"International"
"British Airways","Shannon Airport","LHR","2023-06-05 19:10",5,197,"International"
"All Nippon Airways","Aeroport Geneve-Cointrin","LHR","2023-06-05 19:15",17,7,"International"
"United Airlines","Stuttgart Airport","LHR","2023-06-05 19:00",9,20,"International"
"GOL Linhas Aereas Inteligentes","Amsterdam Airport Schiphol","LHR","2023-06-05 19:15",24,2,"International"
"Kenya Airways","Inverness Airport","LHR","2023-06-05 19:20",3,8,"Domestic"
"Japan Airlines","Tokyo International Airport","LHR","2023-06-05 19:20",6,20,"International"
"Malaysia Airlines","Vienna International Airport","LHR","2023-06-05 19:20",10,18,"International"
"Malaysia Airlines","Barcelona-El Prat Airport","LHR","2023-06-05 19:25",12,18,"International"
"Eurowings","Hamburg Airport","LHR","2023-06-05 19:25",10,5,"International"
"Air Canada","Vienna International Airport","LHR","2023-06-05 19:30",10,43,"International"
"SAS","Oslo Airport, Gardermoen","LHR","2023-06-05 19:30",13,16,"International"
"ITA Airways","Milano Linate Airport","LHR","2023-06-05 18:55",6,2,"International"
"British Airways","Singapore Changi Airport","LHR","2023-06-05 19:30",12,197,"International"
"Lufthansa Cargo","Frankfurt Airport","LHR","2023-06-05 19:30",23,23,"International"
"Lufthansa","Frankfurt Airport","LHR","2023-06-05 19:30",23,23,"International"
"Korean Air","Incheon International Airport","LHR","2023-06-05 19:35",4,3,"International"
"airBaltic","Duesseldorf International Airport","LHR","2023-06-05 19:35",13,1,"International"
"Royal Air Maroc","Henri Coanda International Airport","LHR","2023-06-05 19:35",5,3,"International"
"British Airways","Dublin Airport","LHR","2023-06-05 19:35",26,197,"International"
"American Airlines","Amsterdam Airport Schiphol","LHR","2023-06-05 19:35",24,174,"International"
"Qatar Airways","Zurich Airport","LHR","2023-06-05 19:40",18,42,"International"
"Kenya Airways","Paris Charles de Gaulle Airport","LHR","2023-06-05 19:45",17,8,"International"
"Qatar Airways","Frankfurt Airport","LHR","2023-06-05 19:45",23,42,"International"
"British Airways","Hamad International Airport","LHR","2023-06-05 19:45",12,197,"International"
"LOT - Polish Airlines","Lisbon Humberto Delgado Airport","LHR","2023-06-05 19:50",16,2,"International"
"SAS","Stavanger Airport Sola","LHR","2023-06-05 19:50",2,16,"International"
"British Airways","Berlin Brandenburg Airport","LHR","2023-06-05 19:50",9,197,"International"
"Qantas Airways","Dubai International Airport","LHR","2023-06-05 19:50",15,11,"International"
"British Airways","George Best Belfast City Airport","LHR","2023-06-05 19:25",10,197,"Domestic"
"American Airlines","John F. Kennedy International Airport","LHR","2023-06-05 19:55",33,174,"International"
"Qatar Airways","Jersey Airport","LHR","2023-06-05 19:55",7,42,"International"
"Royal Jordanian","Copenhagen Airport","LHR","2023-06-05 19:55",14,3,"International"
"Air India","Zagreb Franjo Tugman Airport","LHR","2023-06-05 20:00",2,6,"International"
"American Airlines","Glasgow International Airport","LHR","2023-06-05 20:00",13,174,"Domestic"
"United Airlines","Cologne Bonn Airport","LHR","2023-06-05 20:00",5,20,"International"
"British Airways","Aeroport Geneve-Cointrin","LHR","2023-06-05 20:05",17,197,"International"
"Delta Air Lines","Indira Gandhi International Airport","LHR","2023-06-05 20:05",9,18,"International"
"Swiss","Zurich Airport","LHR","2023-06-05 20:05",18,17,"International"
"British Airways","Stuttgart Airport","LHR","2023-06-05 20:10",9,197,"International"
"Japan Airlines","Adolfo Suarez Madrid-Barajas Airport","LHR","2023-06-05 20:10",19,20,"International"
"Cathay Pacific Airways","Hong Kong International Airport","LHR","2023-06-05 20:10",12,12,"International"
"Finnair","Logan International Airport","LHR","2023-06-05 20:10",13,31,"International"
"Air France","John F. Kennedy International Airport","LHR","2023-06-05 20:15",33,20,"International"
"Finnair","Oslo Airport, Gardermoen","LHR","2023-06-05 20:15",13,31,"International"
"Qatar Airways","Nice Cote d'Azur International Airport","LHR","2023-06-05 20:15",12,42,"International"
"British Airways","City of Derry Airport","LHR","2023-06-05 20:20",5,197,"Domestic"
"Qatar Airways","Hannover Airport","LHR","2023-06-05 20:20",3,42,"International"
"British Airways","Prague Vaclav Havel Airport","LHR","2023-06-05 20:20",6,197,"International"
"Xiamen Airlines","Amsterdam Airport Schiphol","LHR","2023-06-05 20:25",24,3,"International"
"British Airways","Brussels Airport","LHR","2023-06-05 20:25",10,197,"International"
"Air China","Beijing Capital International Airport","LHR","2023-06-05 20:25",4,4,"International"
"Lufthansa Cargo","Munich International Airport","LHR","2023-06-05 20:25",19,23,"International"
"Lufthansa","Munich International Airport","LHR","2023-06-05 20:25",19,23,"International"
"Japan Airlines","Eleftherios Venizelos International Airport","LHR","2023-06-05 20:30",12,20,"International"
"Finnair","Lisbon Humberto Delgado Airport","LHR","2023-06-05 20:30",16,31,"International"
"Thai Lion","Copenhagen Airport","LHR","2023-06-05 20:30",14,4,"International"
"Malaysia Airlines","Lyon-Saint Exupery Airport","LHR","2023-06-05 20:30",3,18,"International"
"Air Malta","Malta International Airport","LHR","2023-06-05 20:30",3,3,"International"
"Cathay Pacific Airways","Munich International Airport","LHR","2023-06-05 20:35",19,12,"International"
"LATAM Airlines Chile","Manchester Airport","LHR","2023-06-05 20:35",10,6,"Domestic"
"American Airlines","Milano Malpensa Airport","LHR","2023-06-05 20:35",6,174,"International"
"American Airlines","Paris Charles de Gaulle Airport","LHR","2023-06-05 20:35",17,174,"International"
"American Airlines","Toulouse-Blagnac Airport","LHR","2023-06-05 20:40",3,174,"International"
"British Airways","Bologna Guglielmo Marconi Airport","LHR","2023-06-05 20:40",5,197,"International"
"Qantas Airways","Dubai International Airport","LHR","2023-06-05 20:40",15,11,"International"
"Asiana Airlines","Incheon International Airport","LHR","2023-06-05 20:40",4,2,"International"
"Croatia Airlines","Singapore Changi Airport","LHR","2023-06-05 20:50",12,2,"International"
"Iberia","Newcastle International Airport","LHR","2023-06-05 20:50",7,50,"Domestic"
"British Airways","Gothenburg-Landvetter Airport","LHR","2023-06-05 20:50",5,197,"International"
"American Airlines","Edinburgh Airport","LHR","2023-06-05 20:50",20,174,"Domestic"
"Oman Air","Muscat International Airport","LHR","2023-06-05 20:50",2,3,"International"
"Air New Zealand","Abu Dhabi International Airport","LHR","2023-06-05 20:55",7,5,"International"
"Xiamen Airlines","Amsterdam Airport Schiphol","LHR","2023-06-05 20:55",24,3,"International"
"British Airways","Hong Kong International Airport","LHR","2023-06-05 20:55",12,197,"International"
"Qantas Airways","Singapore Changi Airport","LHR","2023-06-05 20:55",12,11,"International"
"Malaysia Airlines","Aberdeen International Airport","LHR","2023-06-05 21:00",8,18,"Domestic"
"British Airways","Dublin Airport","LHR","2023-06-05 21:00",26,197,"International"
"Ethiopian Airlines","Addis Ababa Bole International Airport","LHR","2023-06-05 21:00",2,1,"International"
"Kenya Airways","Glasgow International Airport","LHR","2023-06-05 21:05",13,8,"Domestic"
"British Airways","Singapore Changi Airport","LHR","2023-06-05 21:10",12,197,"International"
"Aer Lingus","Dublin Airport","LHR","2023-06-05 21:10",26,28,"International"
"RwandAir","Kigali International Airport","LHR","2023-06-05 21:20",1,2,"International"
"Iberia","Chhatrapati Shivaji International Airport","LHR","2023-06-05 21:20",10,50,"International"
"China Eastern Airlines","Shanghai Pudong International Airport","LHR","2023-06-05 21:20",4,2,"International"
"Korean Air","Sao Paulo-Guarulhos International Airport","LHR","2023-06-05 21:25",4,3,"International"
"Japan Airlines","Budapest Ferenc Liszt International Airport","LHR","2023-06-05 21:25",4,20,"International"
"Thai Airways International","Suvarnabhumi Airport","LHR","2023-06-05 21:25",5,4,"International"
"American Airlines","O.R. Tambo International Airport","LHR","2023-06-05 21:25",6,174,"International"
"Icelandair","Keflavik International Airport","LHR","2023-06-05 21:25",4,3,"International"
"Iberia","Dubai International Airport","LHR","2023-06-05 21:30",15,50,"International"
"SriLankan Airlines","Bandaranayake International Air Port","LHR","2023-06-05 21:30",2,3,"International"
"American Airlines","Manchester Airport","LHR","2023-06-05 21:30",10,174,"Domestic"
"Air India","Chhatrapati Shivaji International Airport","LHR","2023-06-05 21:30",10,6,"International"
"Singapore Airlines","Kuala Lumpur International Airport","LHR","2023-06-05 21:35",3,14,"International"
"Thai Airways International","Suvarnabhumi Airport","LHR","2023-06-05 21:35",5,4,"International"
"British Airways","Edinburgh Airport","LHR","2023-06-05 21:45",20,197,"Domestic"
"British Airways","Hamad International Airport","LHR","2023-06-05 21:55",12,197,"International"
"Qatar Airways","Glasgow International Airport","LHR","2023-06-05 21:55",13,42,"Domestic"
"British Airways","Comodoro Arturo Merino Benitez International Airport","LHR","2023-06-05 21:55",1,197,"International"
"Air Canada","Abu Dhabi International Airport","LHR","2023-06-05 21:55",7,43,"International"
"Vistara","Chhatrapati Shivaji International Airport","LHR","2023-06-05 21:55",10,4,"International"
"Virgin Atlantic","Beirut International Airport","LHR","2023-06-05 22:00",3,22,"International"
"China Airlines","Taiwan Taoyuan International Airport","LHR","2023-06-05 22:00",1,3,"International"
"Tianjin Airlines","Xi'an Xianyang International Airport","LHR","2023-06-05 22:00",1,1,"International"
"Hainan Airlines","Changsha Huanghua International Airport","LHR","2023-06-05 22:00",1,2,"International"
"Malaysia Airlines","Singapore Changi Airport","LHR","2023-06-05 22:05",12,18,"International"
"Gulf Air","Bahrain International Airport","LHR","2023-06-05 22:05",5,5,"International"
"Etihad","El Dorado International Airport","LHR","2023-06-05 22:05",2,1,"International"
"Shenzhen Airlines","Shenzhen Bao'an International Airport","LHR","2023-06-05 22:05",1,1,"International"
"Egyptair","Cairo International Airport","LHR","2023-06-05 22:10",7,2,"International"
"Aeromexico","Ben Gurion International Airport","LHR","2023-06-05 22:10",10,8,"International"
"Air Canada","Istanbul Airport","LHR","2023-06-05 22:10",12,43,"International"
"China Southern Airlines","Guangzhou Baiyun International Airport","LHR","2023-06-05 22:10",2,5,"International"
"Air Canada","Eleftherios Venizelos International Airport","LHR","2023-06-05 22:15",12,43,"International"
"Garuda","Dubai International Airport","LHR","2023-06-05 22:15",15,2,"International"
"Iberia","Kuwait International Airport","LHR","2023-06-05 22:20",5,50,"International"
"Iberia","Sao Paulo-Guarulhos International Airport","LHR","2023-06-05 22:20",4,50,"International"
"EL AL","Ben Gurion International Airport","LHR","2023-06-05 22:20",10,7,"International"
"Vistara","Indira Gandhi International Airport","LHR","2023-06-05 22:20",9,4,"International"
"American Airlines","Cape Town International Airport","LHR","2023-06-05 22:25",2,174,"International"
"American Airlines","Cork Airport","LHR","2023-06-05 22:25",6,174,"International"
"British Airways","Nnamdi Azikiwe International Airport","LHR","2023-06-05 22:25",2,197,"International"
"British Airways","Dubai International Airport","LHR","2023-06-05 22:25",15,197,"International"
"Virgin Atlantic","Murtala Muhammed International Airport","LHR","2023-06-05 22:30",3,22,"International"
"Beijing Capital Airlines","Qingdao Liuting International Airport","LHR","2023-06-05 22:30",1,1,"International"
"Aeromexico","Benito Juarez International Airport","LHR","2023-06-05 22:30",4,8,"International"
"Virgin Atlantic","O.R. Tambo International Airport","LHR","2023-06-05 22:30",6,22,"International"
"Air China","Beijing Capital International Airport","LHR","2023-06-05 22:40",4,4,"International"
"Air Canada","Lisbon Humberto Delgado Airport","LHR","2023-06-06 06:00",16,43,"International"
"Air Canada","Vienna International Airport","LHR","2023-06-06 06:00",10,43,"International"
"Swiss","Zurich Airport","LHR","2023-06-06 06:00",18,17,"International"
"American Airlines","Barcelona-El Prat Airport","LHR","2023-06-06 06:10",12,174,"International"
"American Airlines","Adolfo Suarez Madrid-Barajas Airport","LHR","2023-06-06 06:15",19,174,"International"
"Air France","Paris Charles de Gaulle Airport","LHR","2023-06-06 06:20",17,20,"International"
"Air Canada","Warsaw Chopin Airport","LHR","2023-06-06 06:30",9,43,"International"
"British Airways","Prague Vaclav Havel Airport","LHR","2023-06-06 06:30",6,197,"International"
"China Airlines","Amsterdam Airport Schiphol","LHR","2023-06-06 06:30",24,3,"International"
NA,"Istanbul Airport","LHR","2023-06-06 06:45",12,1,"International"
"American Airlines","Malaga Airport","LHR","2023-06-06 06:40",2,174,"International"
"American Airlines","Dublin Airport","LHR","2023-06-06 06:40",26,174,"International"
"British Airways","Amsterdam Airport Schiphol","LHR","2023-06-06 06:40",24,197,"International"
"SAS","Stockholm Arlanda Airport","LHR","2023-06-06 06:40",13,16,"International"
"American Airlines","Aeroport Geneve-Cointrin","LHR","2023-06-06 06:45",17,174,"International"
"British Airways","Manchester Airport","LHR","2023-06-06 06:45",10,197,"Domestic"
"SAS","Copenhagen Airport","LHR","2023-06-06 06:45",14,16,"International"
"British Airways","Zurich Airport","LHR","2023-06-06 06:50",18,197,"International"
"British Airways","Berlin Brandenburg Airport","LHR","2023-06-06 06:50",9,197,"International"
"Hainan Airlines","Brussels Airport","LHR","2023-06-06 06:50",10,2,"International"
"Aegean Airlines","Munich International Airport","LHR","2023-06-06 06:55",19,6,"International"
"American Airlines","Eleftherios Venizelos International Airport","LHR","2023-06-06 06:55",12,174,"International"
"British Airways","Newcastle International Airport","LHR","2023-06-06 06:55",7,197,"Domestic"
"British Airways","Dublin Airport","LHR","2023-06-06 06:55",26,197,"International"
"Finnair","Stockholm Arlanda Airport","LHR","2023-06-06 07:00",13,31,"International"
"British Airways","Aberdeen International Airport","LHR","2023-06-06 07:00",8,197,"Domestic"
"British Airways","Edinburgh Airport","LHR","2023-06-06 07:00",20,197,"Domestic"
"Swiss","Aeroport Geneve-Cointrin","LHR","2023-06-06 07:00",17,17,"International"
"British Airways","Glasgow International Airport","LHR","2023-06-06 07:05",13,197,"Domestic"
"British Airways","Frankfurt Airport","LHR","2023-06-06 07:05",23,197,"International"
"British Airways","Munich International Airport","LHR","2023-06-06 07:05",19,197,"International"
"SAS","Oslo Airport, Gardermoen","LHR","2023-06-06 07:05",13,16,"International"
"American Airlines","Keflavik International Airport","LHR","2023-06-06 07:10",4,174,"International"
"British Airways","Marseille Provence Airport","LHR","2023-06-06 07:10",5,197,"International"
"British Airways","Vienna International Airport","LHR","2023-06-06 07:10",10,197,"International"
"American Airlines","Larnaca International Airport","LHR","2023-06-06 07:15",5,174,"International"
"Finnair","Copenhagen Airport","LHR","2023-06-06 07:15",14,31,"International"
"Finnair","Oslo Airport, Gardermoen","LHR","2023-06-06 07:15",13,31,"International"
"British Airways","Hamburg Airport","LHR","2023-06-06 07:15",10,197,"International"
"American Airlines","Barcelona-El Prat Airport","LHR","2023-06-06 07:25",12,174,"International"
"Finnair","Leonardo da Vinci-Fiumicino Airport","LHR","2023-06-06 07:25",11,31,"International"
NA,"Logan International Airport","LHR","2023-06-06 07:25",13,2,"International"
"Aegean Airlines","Frankfurt Airport","LHR","2023-06-06 07:30",23,6,"International"
"American Airlines","George Best Belfast City Airport","LHR","2023-06-06 07:30",10,174,"Domestic"
"American Airlines","Helsinki-Vantaa Airport","LHR","2023-06-06 07:30",6,174,"International"
"Finnair","Lisbon Humberto Delgado Airport","LHR","2023-06-06 07:30",16,31,"International"
"British Airways","Jersey Airport","LHR","2023-06-06 07:30",7,197,"International"
"American Airlines","Warsaw Chopin Airport","LHR","2023-06-06 07:35",9,174,"International"
"British Airways","Nice Cote d'Azur International Airport","LHR","2023-06-06 07:35",12,197,"International"
"British Airways","Duesseldorf International Airport","LHR","2023-06-06 07:35",13,197,"International"
"American Airlines","Toulouse-Blagnac Airport","LHR","2023-06-06 07:40",3,174,"International"
"American Airlines","Mikonos Airport","LHR","2023-06-06 07:40",1,174,"International"
"American Airlines","Dublin Airport","LHR","2023-06-06 07:40",26,174,"International"
"British Airways","Bologna Guglielmo Marconi Airport","LHR","2023-06-06 07:40",5,197,"International"
"American Airlines","Logan International Airport","LHR","2023-06-06 07:45",13,174,"International"
"American Airlines","Adolfo Suarez Madrid-Barajas Airport","LHR","2023-06-06 07:45",19,174,"International"
"Air Canada","Newark Liberty International Airport","LHR","2023-06-06 07:45",12,43,"International"
"American Airlines","Edinburgh Airport","LHR","2023-06-06 07:50",20,174,"Domestic"
"American Airlines","Ibiza Airport","LHR","2023-06-06 07:50",2,174,"International"
"British Airways","Florence Peretola Airport","LHR","2023-06-06 07:50",1,197,"International"
"American Airlines","Ben Gurion International Airport","LHR","2023-06-06 08:00",10,174,"International"
"American Airlines","Santorini Airport","LHR","2023-06-06 08:00",1,174,"International"
"Air Canada","Lisbon Humberto Delgado Airport","LHR","2023-06-06 08:00",16,43,"International"
"Air Canada","Washington Dulles International Airport","LHR","2023-06-06 08:00",9,43,"International"
"Air Canada","Duesseldorf International Airport","LHR","2023-06-06 08:05",13,43,"International"
"British Airways","Houari Boumediene Airport","LHR","2023-06-06 08:05",3,197,"International"
"American Airlines","Brussels Airport","LHR","2023-06-06 08:15",10,174,"International"
"American Airlines","Dublin Airport","LHR","2023-06-06 08:15",26,174,"International"
"American Airlines","Aeroport Geneve-Cointrin","LHR","2023-06-06 08:15",17,174,"International"
"Finnair","Naples International Airport","LHR","2023-06-06 08:15",5,31,"International"
"Finnair","Tirana International Airport Nene Tereza","LHR","2023-06-06 08:15",1,31,"International"
"American Airlines","Leonardo da Vinci-Fiumicino Airport","LHR","2023-06-06 08:20",11,174,"International"
"American Airlines","Pisa International Airport","LHR","2023-06-06 08:20",3,174,"International"
"Aeromexico","Ben Gurion International Airport","LHR","2023-06-06 08:20",10,8,"International"
"American Airlines","Luxembourg Findel Airport","LHR","2023-06-06 08:25",2,174,"International"
"American Airlines","John F. Kennedy International Airport","LHR","2023-06-06 08:25",33,174,"International"
"American Airlines","Nuremberg Airport","LHR","2023-06-06 08:25",1,174,"International"
"Air Canada","Toronto Pearson International Airport","LHR","2023-06-06 08:30",9,43,"International"
"British Airways","Hamad International Airport","LHR","2023-06-06 08:30",12,197,"International"
"Lufthansa Cargo","Frankfurt Airport","LHR","2023-06-06 08:30",23,23,"International"
"Lufthansa","Frankfurt Airport","LHR","2023-06-06 08:30",23,23,"International"
"American Airlines","Larnaca International Airport","LHR","2023-06-06 08:35",5,174,"International"
"American Airlines","Dallas/Fort Worth International Airport","LHR","2023-06-06 08:40",5,174,"International"
"American Airlines","Berlin Brandenburg Airport","LHR","2023-06-06 08:40",9,174,"International"
"American Airlines","Aberdeen International Airport","LHR","2023-06-06 08:40",8,174,"Domestic"
"American Airlines","Glasgow International Airport","LHR","2023-06-06 08:40",13,174,"Domestic"
"Air Canada","Zurich Airport","LHR","2023-06-06 08:40",18,43,"International"
"China Southern Airlines","Amsterdam Airport Schiphol","LHR","2023-06-06 08:40",24,5,"International"
"American Airlines","Paris Charles de Gaulle Airport","LHR","2023-06-06 08:45",17,174,"International"
"American Airlines","Zagreb Franjo Tugman Airport","LHR","2023-06-06 08:45",2,174,"International"
"American Airlines","Venice Marco Polo Airport","LHR","2023-06-06 08:45",6,174,"International"
"Air Canada","Hamburg Airport","LHR","2023-06-06 08:45",10,43,"International"
"British Airways","City of Derry Airport","LHR","2023-06-06 08:45",5,197,"Domestic"
"American Airlines","Dublin Airport","LHR","2023-06-06 08:50",26,174,"International"
"Air Canada","Cologne Bonn Airport","LHR","2023-06-06 08:50",5,43,"International"
"American Airlines","Munich International Airport","LHR","2023-06-06 08:55",19,174,"International"
"American Airlines","Barcelona-El Prat Airport","LHR","2023-06-06 08:55",12,174,"International"
"American Airlines","Gothenburg-Landvetter Airport","LHR","2023-06-06 08:55",5,174,"International"
"Air France","Nice Cote d'Azur International Airport","LHR","2023-06-06 08:55",12,20,"International"
"Swiss","Aeroport Geneve-Cointrin","LHR","2023-06-06 08:55",17,17,"International"
"American Airlines","Eleftherios Venizelos International Airport","LHR","2023-06-06 09:00",12,174,"International"
"Air France","Paris Charles de Gaulle Airport","LHR","2023-06-06 09:00",17,20,"International"
"British Airways","Hamad International Airport","LHR","2023-06-06 09:00",12,197,"International"
"Lufthansa Cargo","Munich International Airport","LHR","2023-06-06 09:00",19,23,"International"
"Lufthansa","Munich International Airport","LHR","2023-06-06 09:00",19,23,"International"
"American Airlines","Stuttgart Airport","LHR","2023-06-06 09:05",9,174,"International"
"American Airlines","Milano Malpensa Airport","LHR","2023-06-06 09:05",6,174,"International"
"Air Canada","Vienna International Airport","LHR","2023-06-06 09:05",10,43,"International"
"Emirates","Dubai International Airport","LHR","2023-06-06 09:05",15,5,"International"
"Air Canada","Stuttgart Airport","LHR","2023-06-06 09:10",9,43,"International"
"Fiji Airways","Singapore Changi Airport","LHR","2023-06-06 09:10",12,1,"International"
"American Airlines","Edinburgh Airport","LHR","2023-06-06 09:15",20,174,"Domestic"
"American Airlines","Newcastle International Airport","LHR","2023-06-06 09:15",7,174,"Domestic"
"American Airlines","Chicago O'Hare International Airport","LHR","2023-06-06 09:15",11,174,"International"
"British Airways","Adolfo Suarez Madrid-Barajas Airport","LHR","2023-06-06 09:15",19,197,"International"
"American Airlines","Marseille Provence Airport","LHR","2023-06-06 09:20",5,174,"International"
"American Airlines","Cork Airport","LHR","2023-06-06 09:20",6,174,"International"
"Air France","Minneapolis-St Paul International Airport","LHR","2023-06-06 09:20",1,20,"International"
"Air France","John F. Kennedy International Airport","LHR","2023-06-06 09:20",33,20,"International"
"American Airlines","George Best Belfast City Airport","LHR","2023-06-06 09:25",10,174,"Domestic"
"American Airlines","Nice Cote d'Azur International Airport","LHR","2023-06-06 09:25",12,174,"International"
"American Airlines","Palma de Mallorca Airport","LHR","2023-06-06 09:25",3,174,"International"
"British Airways","Cairo International Airport","LHR","2023-06-06 09:25",7,197,"International"
"American Airlines","Dallas/Fort Worth International Airport","LHR","2023-06-06 09:30",5,174,"International"
"Air Canada","Abu Dhabi International Airport","LHR","2023-06-06 09:30",7,43,"International"
"Air Canada","Montreal-Pierre Elliott Trudeau International Airport","LHR","2023-06-06 09:30",4,43,"International"
"Lufthansa Cargo","Frankfurt Airport","LHR","2023-06-06 09:30",23,23,"International"
"Lufthansa","Frankfurt Airport","LHR","2023-06-06 09:30",23,23,"International"
"American Airlines","Phoenix Sky Harbor International Airport","LHR","2023-06-06 09:35",3,174,"International"
"American Airlines","George Bush Intercontinental Airport","LHR","2023-06-06 09:35",5,174,"International"
"British Airways","Tokyo International Airport","LHR","2023-06-06 09:35",6,197,"International"
"Air France","Miami International Airport","LHR","2023-06-06 09:40",6,20,"International"
"British Airways","Tokyo International Airport","LHR","2023-06-06 09:40",6,197,"International"
"American Airlines","John F. Kennedy International Airport","LHR","2023-06-06 09:45",33,174,"International"
"American Airlines","Charlotte Douglas International Airport","LHR","2023-06-06 09:45",4,174,"International"
"Air India","Indira Gandhi International Airport","LHR","2023-06-06 09:45",9,6,"International"
"British Airways","Dundee Airport","LHR","2023-06-06 09:45",3,197,"Domestic"
"American Airlines","Seattle-Tacoma International Airport","LHR","2023-06-06 09:50",5,174,"International"
"American Airlines","Los Angeles International Airport","LHR","2023-06-06 09:50",18,174,"International"
"American Airlines","Dublin Airport","LHR","2023-06-06 09:50",26,174,"International"
"American Airlines","Shannon Airport","LHR","2023-06-06 09:50",5,174,"International"
"American Airlines","Budapest Ferenc Liszt International Airport","LHR","2023-06-06 09:55",4,174,"International"
"American Airlines","Prague Vaclav Havel Airport","LHR","2023-06-06 09:55",6,174,"International"
"Air Canada","Copenhagen Airport","LHR","2023-06-06 09:55",14,43,"International"
"Air France","Logan International Airport","LHR","2023-06-06 09:55",13,20,"International"
"Delta Air Lines","Amsterdam Airport Schiphol","LHR","2023-06-06 09:55",24,18,"International"
"American Airlines","Lisbon Humberto Delgado Airport","LHR","2023-06-06 10:00",16,174,"International"
"Air Canada","Newark Liberty International Airport","LHR","2023-06-06 10:00",12,43,"International"
"Gulf Air","Bahrain International Airport","LHR","2023-06-06 10:00",5,5,"International"
"Saudi Arabian Airlines","King Khalid International","LHR","2023-06-06 10:00",6,6,"International"
"British Airways","Raleigh-Durham International Airport","LHR","2023-06-06 10:05",1,197,"International"
"Qatar Airways","Philadelphia International Airport","LHR","2023-06-06 10:05",3,42,"International"
"American Airlines","Chhatrapati Shivaji International Airport","LHR","2023-06-06 10:05",10,174,"International"
"British Airways","Jomo Kenyatta International Airport","LHR","2023-06-06 10:10",3,197,"International"
"British Airways","Glasgow International Airport","LHR","2023-06-06 10:10",13,197,"Domestic"
"American Airlines","Gibraltar International Airport","LHR","2023-06-06 10:10",1,174,"International"
"Malaysia Airlines","Copenhagen Airport","LHR","2023-06-06 10:10",14,18,"International"
"Qatar Airways","Lynden Pindling International Airport","LHR","2023-06-06 10:15",1,42,"International"
"United Airlines","Warsaw Chopin Airport","LHR","2023-06-06 10:15",9,20,"International"
"TAP Portugal","Calgary International Airport","LHR","2023-06-06 10:15",2,3,"International"
"British Airways","Manchester Airport","LHR","2023-06-06 10:15",10,197,"Domestic"
"British Airways","Indira Gandhi International Airport","LHR","2023-06-06 10:15",9,197,"International"
"Finnair","Helsinki-Vantaa Airport","LHR","2023-06-06 10:20",6,31,"International"
"Air Canada","Oslo Airport, Gardermoen","LHR","2023-06-06 10:20",13,43,"International"
"American Airlines","Corfu International Airport, ""Ioannis Kapodistrias""","LHR","2023-06-06 10:10",2,174,"International"
"Iberia","Miami International Airport","LHR","2023-06-06 10:25",6,50,"International"
"British Airways","Menara Airport","LHR","2023-06-06 10:25",1,197,"International"
"Lufthansa Cargo","Frankfurt Airport","LHR","2023-06-06 10:30",23,23,"International"
"Lufthansa","Frankfurt Airport","LHR","2023-06-06 10:30",23,23,"International"
"EL AL","John F. Kennedy International Airport","LHR","2023-06-06 10:30",33,7,"International"
"American Airlines","Edinburgh Airport","LHR","2023-06-06 10:30",20,174,"Domestic"
"Virgin Atlantic","Indira Gandhi International Airport","LHR","2023-06-06 10:30",9,22,"International"
"Aer Lingus","Chicago O'Hare International Airport","LHR","2023-06-06 10:35",11,28,"International"
"Brussels Airlines","George Bush Intercontinental Airport","LHR","2023-06-06 10:35",5,6,"International"
"SAS","Stockholm Arlanda Airport","LHR","2023-06-06 10:35",13,16,"International"
"Aeromexico","Los Angeles International Airport","LHR","2023-06-06 10:40",18,8,"International"
"Qatar Airways","Dublin Airport","LHR","2023-06-06 10:40",26,42,"International"
"British Airways","Naples International Airport","LHR","2023-06-06 10:35",5,197,"International"
"British Airways","Istanbul Airport","LHR","2023-06-06 10:45",12,197,"International"
"British Airways","Adolfo Suarez Madrid-Barajas Airport","LHR","2023-06-06 10:50",19,197,"International"
"Air France","Hartsfield-Jackson Atlanta International Airport","LHR","2023-06-06 10:50",5,20,"International"
"British Airways","Berlin Brandenburg Airport","LHR","2023-06-06 10:50",9,197,"International"
"Lufthansa Cargo","Munich International Airport","LHR","2023-06-06 10:50",19,23,"International"
"Lufthansa","Munich International Airport","LHR","2023-06-06 10:50",19,23,"International"
"Air Malta","Malta International Airport","LHR","2023-06-06 10:50",3,3,"International"
"Singapore Airlines","Kuala Lumpur International Airport","LHR","2023-06-06 11:00",3,14,"International"
"British Airways","Chicago O'Hare International Airport","LHR","2023-06-06 11:00",11,197,"International"
"Finnair","Barcelona-El Prat Airport","LHR","2023-06-06 11:00",12,31,"International"
"Japan Airlines","Frankfurt Airport","LHR","2023-06-06 11:00",23,20,"International"
"Finnair","Newark Liberty International Airport","LHR","2023-06-06 11:00",12,31,"International"
"Air France","Detroit Metropolitan Wayne County Airport","LHR","2023-06-06 10:55",2,20,"International"
"Swiss","Denver International Airport","LHR","2023-06-06 11:05",4,17,"International"
"Malaysia Airlines","Paris Charles de Gaulle Airport","LHR","2023-06-06 11:05",17,18,"International"
"Brussels Airlines","Brussels Airport","LHR","2023-06-06 11:05",10,6,"International"
"Aer Lingus","Ireland West Airport Knock","LHR","2023-06-06 11:05",1,28,"International"
"Aer Lingus","San Francisco International Airport","LHR","2023-06-06 11:10",10,28,"International"
"American Airlines","Nice Cote d'Azur International Airport","LHR","2023-06-06 11:10",12,174,"International"
"American Airlines","Leonardo da Vinci-Fiumicino Airport","LHR","2023-06-06 10:35",11,174,"International"
"Brussels Airlines","San Francisco International Airport","LHR","2023-06-06 10:25",10,6,"International"
"American Airlines","Los Angeles International Airport","LHR","2023-06-06 11:15",18,174,"International"
"British Airways","Hamburg Airport","LHR","2023-06-06 11:15",10,197,"International"
"Air France","John F. Kennedy International Airport","LHR","2023-06-06 11:15",33,20,"International"
"Air India","Lisbon Humberto Delgado Airport","LHR","2023-06-06 11:20",16,6,"International"
"British Airways","George Best Belfast City Airport","LHR","2023-06-06 11:20",10,197,"Domestic"
"Iberia","Stockholm Arlanda Airport","LHR","2023-06-06 11:20",13,50,"International"
"British Airways","Murtala Muhammed International Airport","LHR","2023-06-06 11:20",3,197,"International"
"Singapore Airlines","Singapore Changi Airport","LHR","2023-06-06 11:25",12,14,"International"
"United Airlines","Istanbul Airport","LHR","2023-06-06 11:25",12,20,"International"
"United Airlines","Los Angeles International Airport","LHR","2023-06-06 11:25",18,20,"International"
"Delta Air Lines","Paris Charles de Gaulle Airport","LHR","2023-06-06 11:30",17,18,"International"
"American Airlines","Adolfo Suarez Madrid-Barajas Airport","LHR","2023-06-06 11:30",19,174,"International"
"British Airways","Leonardo da Vinci-Fiumicino Airport","LHR","2023-06-06 11:30",11,197,"International"
"British Airways","Grantley Adams International Airport","LHR","2023-06-06 11:30",2,197,"International"
"British Airways","Kefallinia Airport","LHR","2023-06-06 11:30",1,197,"International"
"British Airways","Aeroport Geneve-Cointrin","LHR","2023-06-06 11:35",17,197,"International"
"American Airlines","Amsterdam Airport Schiphol","LHR","2023-06-06 11:35",24,174,"International"
"British Airways","Eleftherios Venizelos International Airport","LHR","2023-06-06 11:35",12,197,"International"
"Aer Lingus","John F. Kennedy International Airport","LHR","2023-06-06 11:40",33,28,"International"
"Iberia","Los Angeles International Airport","LHR","2023-06-06 11:40",18,50,"International"
"Virgin Atlantic","Hartsfield-Jackson Atlanta International Airport","LHR","2023-06-06 11:45",5,22,"International"
"Malaysia Airlines","Edinburgh Airport","LHR","2023-06-06 11:45",20,18,"Domestic"
"KLM Royal Dutch Airlines","Amsterdam Airport Schiphol","LHR","2023-06-06 11:45",24,7,"International"
"British Airways","Zurich Airport","LHR","2023-06-06 11:45",18,197,"International"
"Air New Zealand","San Francisco International Airport","LHR","2023-06-06 11:50",10,5,"International"
"British Airways","Austin-Bergstrom International Airport","LHR","2023-06-06 11:50",1,197,"International"
"British Airways","Milano Linate Airport","LHR","2023-06-06 10:30",6,197,"International"
"Qantas Airways","Perth Airport","LHR","2023-06-06 11:55",1,11,"International"
"British Airways","Larnaca International Airport","LHR","2023-06-06 11:55",5,197,"International"
"British Airways","Henri Coanda International Airport","LHR","2023-06-06 11:55",5,197,"International"
NA,"John F. Kennedy International Airport","LHR","2023-06-06 11:55",33,2,"International"
"Swiss","Newark Liberty International Airport","LHR","2023-06-06 12:00",12,17,"International"
"British Airways","Dallas/Fort Worth International Airport","LHR","2023-06-06 12:00",5,197,"International"
"Qatar Airways","Jersey Airport","LHR","2023-06-06 12:00",7,42,"International"
"British Airways","Faro Airport","LHR","2023-06-06 12:00",1,197,"International"
"Aer Lingus","Dublin Airport","LHR","2023-06-06 12:00",26,28,"International"
"Malaysia Airlines","Glasgow International Airport","LHR","2023-06-06 12:05",13,18,"Domestic"
"Air Canada","Zurich Airport","LHR","2023-06-06 12:05",18,43,"International"
"Virgin Atlantic","Miami International Airport","LHR","2023-06-06 12:10",6,22,"International"
"Virgin Atlantic","Seattle-Tacoma International Airport","LHR","2023-06-06 12:10",5,22,"International"
"British Airways","Milano Malpensa Airport","LHR","2023-06-06 12:10",6,197,"International"
"United Airlines","Duesseldorf International Airport","LHR","2023-06-06 12:10",13,20,"International"
"Malaysia Airlines","Brussels Airport","LHR","2023-06-06 11:55",10,18,"International"
"Swiss","Washington Dulles International Airport","LHR","2023-06-06 12:15",9,17,"International"
"Iberia","Charlotte Douglas International Airport","LHR","2023-06-06 12:15",4,50,"International"
"American Airlines","Chicago O'Hare International Airport","LHR","2023-06-06 12:15",11,174,"International"
"Aegean Airlines","Eleftherios Venizelos International Airport","LHR","2023-06-06 12:15",12,6,"International"
"Swiss","San Francisco International Airport","LHR","2023-06-06 12:20",10,17,"International"
"American Airlines","Leonardo da Vinci-Fiumicino Airport","LHR","2023-06-06 12:20",11,174,"International"
"Cathay Pacific Airways","Hong Kong International Airport","LHR","2023-06-06 12:20",12,12,"International"
"American Airlines","Amsterdam Airport Schiphol","LHR","2023-06-06 12:25",24,174,"International"
"Iberia","Rio de Janeiro-Galeao International Airport","LHR","2023-06-06 12:25",1,50,"International"
"British Airways","Shanghai Pudong International Airport","LHR","2023-06-06 12:25",4,197,"International"
"Air India","Chhatrapati Shivaji International Airport","LHR","2023-06-06 12:30",10,6,"International"
"Malaysia Airlines","Vienna International Airport","LHR","2023-06-06 12:30",10,18,"International"
"Saudi Arabian Airlines","King Khalid International","LHR","2023-06-06 12:30",6,6,"International"
"Thai Airways International","Suvarnabhumi Airport","LHR","2023-06-06 12:30",5,4,"International"
"Malaysia Airlines","Miami International Airport","LHR","2023-06-06 12:35",6,18,"International"
"American Airlines","Washington Dulles International Airport","LHR","2023-06-06 12:35",9,174,"International"
"British Airways","Munich International Airport","LHR","2023-06-06 12:35",19,197,"International"
"American Airlines","Copenhagen Airport","LHR","2023-06-06 12:40",14,174,"International"
"SriLankan Airlines","Halifax Stanfield International Airport","LHR","2023-06-06 12:40",1,3,"International"
"American Airlines","Kotoka International Airport","LHR","2023-06-06 12:45",1,174,"International"
"Virgin Atlantic","Sangster International Airport","LHR","2023-06-06 12:45",1,22,"International"
"Qatar Airways","Edinburgh Airport","LHR","2023-06-06 12:45",20,42,"Domestic"
"Singapore Airlines","Los Angeles International Airport","LHR","2023-06-06 12:45",18,14,"International"
"British Airways","Chennai International Airport","LHR","2023-06-06 12:45",1,197,"International"
"British Airways","Dallas/Fort Worth International Airport","LHR","2023-06-06 12:50",5,197,"International"
"Finnair","Glasgow International Airport","LHR","2023-06-06 12:50",13,31,"Domestic"
"American Airlines","Istanbul Airport","LHR","2023-06-06 12:55",12,174,"International"
"Delta Air Lines","Detroit Metropolitan Wayne County Airport","LHR","2023-06-06 12:55",2,18,"International"
"American Airlines","Oslo Airport, Gardermoen","LHR","2023-06-06 12:55",13,174,"International"
"British Airways","Lisbon Humberto Delgado Airport","LHR","2023-06-06 12:55",16,197,"International"
"Iberia","Dubai International Airport","LHR","2023-06-06 12:55",15,50,"International"
"Virgin Atlantic","Beirut International Airport","LHR","2023-06-06 13:00",3,22,"International"
"Lufthansa Cargo","Newark Liberty International Airport","LHR","2023-06-06 13:00",12,23,"International"
"Lufthansa","Newark Liberty International Airport","LHR","2023-06-06 13:00",12,23,"International"
"EL AL","Philadelphia International Airport","LHR","2023-06-06 13:00",3,7,"International"
"Iberia","Adolfo Suarez Madrid-Barajas Airport","LHR","2023-06-06 13:05",19,50,"International"
"Icelandair","Keflavik International Airport","LHR","2023-06-06 13:05",4,3,"International"
"United Airlines","Chicago O'Hare International Airport","LHR","2023-06-06 13:05",11,20,"International"
"Malaysia Airlines","Barcelona-El Prat Airport","LHR","2023-06-06 13:05",12,18,"International"
"British Airways","Ljubljana Joze Pucnik Airport","LHR","2023-06-06 13:05",1,197,"International"
"British Airways","Inverness Airport","LHR","2023-06-06 13:10",3,197,"Domestic"
"Qatar Airways","Hannover Airport","LHR","2023-06-06 13:10",3,42,"International"
"Iberia","John F. Kennedy International Airport","LHR","2023-06-06 13:10",33,50,"International"
"British Airways","Toronto Pearson International Airport","LHR","2023-06-06 13:15",9,197,"International"
"LOT - Polish Airlines","Indira Gandhi International Airport","LHR","2023-06-06 13:15",9,2,"International"
"Finnair","Stockholm Arlanda Airport","LHR","2023-06-06 13:20",13,31,"International"
"KLM Royal Dutch Airlines","John F. Kennedy International Airport","LHR","2023-06-06 13:20",33,7,"International"
"American Airlines","Paris Charles de Gaulle Airport","LHR","2023-06-06 13:20",17,174,"International"
"Japan Airlines","Duesseldorf International Airport","LHR","2023-06-06 13:20",13,20,"International"
"British Airways","Dublin Airport","LHR","2023-06-06 13:25",26,197,"International"
"Iberia","Ibiza Airport","LHR","2023-06-06 13:25",2,50,"International"
"American Airlines","Eleftherios Venizelos International Airport","LHR","2023-06-06 13:25",12,174,"International"
"British Airways","George Best Belfast City Airport","LHR","2023-06-06 13:30",10,197,"Domestic"
"Croatia Airlines","Frankfurt Airport","LHR","2023-06-06 13:30",23,2,"International"
"American Airlines","Venice Marco Polo Airport","LHR","2023-06-06 13:30",6,174,"International"
"Air Serbia","Belgrade Nikola Tesla Airport","LHR","2023-06-06 13:30",1,1,"International"
"Aegean Airlines","Munich International Airport","LHR","2023-06-06 13:35",19,6,"International"
"Aer Lingus","Philadelphia International Airport","LHR","2023-06-06 13:40",3,28,"International"
"Qatar Airways","Frankfurt Airport","LHR","2023-06-06 13:40",23,42,"International"
"Air Canada","George Bush Intercontinental Airport","LHR","2023-06-06 13:40",5,43,"International"
"Azores Airlines","Lisbon Humberto Delgado Airport","LHR","2023-06-06 13:45",16,1,"International"
"American Airlines","Budapest Ferenc Liszt International Airport","LHR","2023-06-06 13:45",4,174,"International"
"Virgin Atlantic","Shanghai Pudong International Airport","LHR","2023-06-06 13:45",4,22,"International"
"United Airlines","Zurich Airport","LHR","2023-06-06 13:45",18,20,"International"
"Finnair","San Diego International Airport","LHR","2023-06-06 13:50",1,31,"International"
"British Airways","Dubrovnik Airport","LHR","2023-06-06 13:50",1,197,"International"
"British Airways","Cork Airport","LHR","2023-06-06 13:50",6,197,"International"
"Iberia","Manchester Airport","LHR","2023-06-06 13:55",10,50,"Domestic"
"Lufthansa Cargo","Toronto Pearson International Airport","LHR","2023-06-06 12:05",9,23,"International"
"Lufthansa","Toronto Pearson International Airport","LHR","2023-06-06 12:05",9,23,"International"
"Virgin Atlantic","Calgary International Airport","LHR","2023-06-06 13:55",2,22,"International"
"Delta Air Lines","Hartsfield-Jackson Atlanta International Airport","LHR","2023-06-06 13:55",5,18,"International"
"SAS","Stockholm Arlanda Airport","LHR","2023-06-06 13:55",13,16,"International"
"American Airlines","Bahrain International Airport","LHR","2023-06-06 14:00",5,174,"International"
"British Airways","Warsaw Chopin Airport","LHR","2023-06-06 14:00",9,197,"International"
"Finnair","San Francisco International Airport","LHR","2023-06-06 14:05",10,31,"International"
"British Airways","King Khalid International","LHR","2023-06-06 14:05",6,197,"International"
"Finnair","Dallas/Fort Worth International Airport","LHR","2023-06-06 14:05",5,31,"International"
"British Airways","Aberdeen International Airport","LHR","2023-06-06 14:05",8,197,"Domestic"
"Aegean Airlines","Montreal-Pierre Elliott Trudeau International Airport","LHR","2023-06-06 14:05",4,6,"International"
"Air New Zealand","Vancouver International Airport","LHR","2023-06-06 14:10",4,5,"International"
"Malaysia Airlines","Lyon-Saint Exupery Airport","LHR","2023-06-06 14:10",3,18,"International"
"Finnair","Seattle-Tacoma International Airport","LHR","2023-06-06 14:10",5,31,"International"
"Brussels Airlines","San Francisco International Airport","LHR","2023-06-06 14:10",10,6,"International"
"British Airways","Adolfo Suarez Madrid-Barajas Airport","LHR","2023-06-06 14:10",19,197,"International"
"British Airways","Isle of Man Airport","LHR","2023-06-06 14:15",2,197,"International"
"American Airlines","Kempegowda International Airport","LHR","2023-06-06 14:15",2,174,"International"
"Garuda","Dubai International Airport","LHR","2023-06-06 14:20",15,2,"International"
"Aer Lingus","Dublin Airport","LHR","2023-06-06 14:20",26,28,"International"
"British Airways","Paris Charles de Gaulle Airport","LHR","2023-06-06 14:20",17,197,"International"
"American Airlines","Zurich Airport","LHR","2023-06-06 14:20",18,174,"International"
"Qatar Airways","Marseille Provence Airport","LHR","2023-06-06 14:25",5,42,"International"
"American Airlines","Barcelona-El Prat Airport","LHR","2023-06-06 14:25",12,174,"International"
"American Airlines","Amsterdam Airport Schiphol","LHR","2023-06-06 14:25",24,174,"International"
"Qatar Airways","Chicago O'Hare International Airport","LHR","2023-06-06 14:25",11,42,"International"
"United Airlines","Aeroport Geneve-Cointrin","LHR","2023-06-06 14:25",17,20,"International"
"British Airways","Newcastle International Airport","LHR","2023-06-06 14:30",7,197,"Domestic"
"American Airlines","Edinburgh Airport","LHR","2023-06-06 14:30",20,174,"Domestic"
"American Airlines","John F. Kennedy International Airport","LHR","2023-06-06 14:35",33,174,"International"
"Finnair","George Bush Intercontinental Airport","LHR","2023-06-06 14:35",5,31,"International"
"Air Canada","Stuttgart Airport","LHR","2023-06-06 14:35",9,43,"International"
"British Airways","Logan International Airport","LHR","2023-06-06 14:40",13,197,"International"
"Singapore Airlines","John F. Kennedy International Airport","LHR","2023-06-06 14:40",33,14,"International"
"Iberia","Miami International Airport","LHR","2023-06-06 14:40",6,50,"International"
"British Airways","Milano Malpensa Airport","LHR","2023-06-06 14:40",6,197,"International"
"Finnair","Phoenix Sky Harbor International Airport","LHR","2023-06-06 14:40",3,31,"International"
"Delta Air Lines","Amsterdam Airport Schiphol","LHR","2023-06-06 14:45",24,18,"International"
"British Airways","Denver International Airport","LHR","2023-06-06 14:45",4,197,"International"
"Eurowings","Cologne Bonn Airport","LHR","2023-06-06 14:45",5,5,"International"
"United Airlines","Shannon Airport","LHR","2023-06-06 14:45",5,20,"International"
"Air Canada","Denver International Airport","LHR","2023-06-06 14:50",4,43,"International"
"TAROM","Henri Coanda International Airport","LHR","2023-06-06 14:50",5,2,"International"
"United Airlines","Hamburg Airport","LHR","2023-06-06 14:50",10,20,"International"
"Air Canada","Abu Dhabi International Airport","LHR","2023-06-06 14:50",7,43,"International"
"British Airways","Nice Cote d'Azur International Airport","LHR","2023-06-06 14:55",12,197,"International"
"Finnair","Split Airport","LHR","2023-06-06 14:55",1,31,"International"
"American Airlines","Rajiv Gandhi International Airport","LHR","2023-06-06 15:00",2,174,"International"
"Air Canada","Cairo International Airport","LHR","2023-06-06 15:00",7,43,"International"
"Qatar Airways","Valencia Airport","LHR","2023-06-06 15:00",2,42,"International"
"Air Algerie","Houari Boumediene Airport","LHR","2023-06-06 15:00",3,2,"International"
"China Southern Airlines","Beijing Daxing International Airport","LHR","2023-06-06 15:05",2,5,"International"
"American Airlines","Munich International Airport","LHR","2023-06-06 15:05",19,174,"International"
"British Airways","Nashville International Airport","LHR","2023-06-06 15:05",2,197,"International"
"Austrian","Vienna International Airport","LHR","2023-06-06 15:05",10,7,"International"
"Qatar Airways","Hamad International Airport","LHR","2023-06-06 15:05",12,42,"International"
"Aer Lingus","Dublin Airport","LHR","2023-06-06 15:10",26,28,"International"
"Japan Airlines","Lisbon Humberto Delgado Airport","LHR","2023-06-06 15:10",16,20,"International"
"KLM Royal Dutch Airlines","Salt Lake City International Airport","LHR","2023-06-06 15:10",2,7,"International"
"EL AL","Ben Gurion International Airport","LHR","2023-06-06 15:15",10,7,"International"
"American Airlines","Sofia Airport","LHR","2023-06-06 15:15",3,174,"International"
"EL AL","John F. Kennedy International Airport","LHR","2023-06-06 15:15",33,7,"International"
"British Airways","Corfu International Airport, ""Ioannis Kapodistrias""","LHR","2023-06-06 15:15",2,197,"International"
"Iberia","Norman Y. Mineta San Jose International Airport","LHR","2023-06-06 15:15",1,50,"International"
"Austrian","Chicago O'Hare International Airport","LHR","2023-06-06 15:20",11,7,"International"
"British Airways","Oslo Airport, Gardermoen","LHR","2023-06-06 15:20",13,197,"International"
"British Airways","Benito Juarez International Airport","LHR","2023-06-06 15:20",4,197,"International"
"Japan Airlines","Bologna Guglielmo Marconi Airport","LHR","2023-06-06 15:20",5,20,"International"
"Air France","Seattle-Tacoma International Airport","LHR","2023-06-06 15:25",5,20,"International"
"American Airlines","Milano Linate Airport","LHR","2023-06-06 15:30",6,174,"International"
"Aer Lingus","Portland International Airport","LHR","2023-06-06 15:30",2,28,"International"
"American Airlines","Duesseldorf International Airport","LHR","2023-06-06 15:30",13,174,"International"
"British Airways","Jersey Airport","LHR","2023-06-06 15:30",7,197,"International"
"Lufthansa Cargo","Frankfurt Airport","LHR","2023-06-06 15:30",23,23,"International"
"Lufthansa","Frankfurt Airport","LHR","2023-06-06 15:30",23,23,"International"
"Iberia","George Best Belfast City Airport","LHR","2023-06-06 15:35",10,50,"Domestic"
"British Airways","Aeroport Geneve-Cointrin","LHR","2023-06-06 15:35",17,197,"International"
"Aer Lingus","Chicago O'Hare International Airport","LHR","2023-06-06 15:35",11,28,"International"
"Air Canada","Oslo Airport, Gardermoen","LHR","2023-06-06 15:35",13,43,"International"
"British Airways","Brindisi - Salento Airport","LHR","2023-06-06 15:35",1,197,"International"
"Air France","Paris Charles de Gaulle Airport","LHR","2023-06-06 15:40",17,20,"International"
"Aeromexico","Orlando International Airport","LHR","2023-06-06 15:40",2,8,"International"
"American Airlines","Hamburg Airport","LHR","2023-06-06 15:40",10,174,"International"
"British Airways","Los Angeles International Airport","LHR","2023-06-06 15:45",18,197,"International"
"British Airways","L.F. Wade International Airport","LHR","2023-06-06 15:50",2,197,"International"
"Qatar Airways","Palma de Mallorca Airport","LHR","2023-06-06 15:50",3,42,"International"
"Vueling Airlines","Adolfo Suarez Madrid-Barajas Airport","LHR","2023-06-06 15:50",19,1,"International"
"Aegean Airlines","Toronto Pearson International Airport","LHR","2023-06-06 15:55",9,6,"International"
"Virgin Australia","Hamad International Airport","LHR","2023-06-06 16:00",12,1,"International"
"American Airlines","Edinburgh Airport","LHR","2023-06-06 16:00",20,174,"Domestic"
"United Airlines","Newark Liberty International Airport","LHR","2023-06-06 16:00",12,20,"International"
"Iberia","Louis Armstrong New Orleans International Airport","LHR","2023-06-06 16:00",1,50,"International"
"Iberia","Gothenburg-Landvetter Airport","LHR","2023-06-06 16:05",5,50,"International"
"Delta Air Lines","Tampa International Airport","LHR","2023-06-06 16:05",2,18,"International"
"Finnair","Cincinnati/Northern Kentucky International Airport","LHR","2023-06-06 16:05",2,31,"International"
"American Airlines","Amsterdam Airport Schiphol","LHR","2023-06-06 16:05",24,174,"International"
"Qantas Airways","Berlin Brandenburg Airport","LHR","2023-06-06 16:05",9,11,"International"
"SriLankan Airlines","Helsinki-Vantaa Airport","LHR","2023-06-06 16:10",6,3,"International"
"British Airways","Venice Marco Polo Airport","LHR","2023-06-06 16:10",6,197,"International"
"British Airways","Pisa International Airport","LHR","2023-06-06 16:10",3,197,"International"
"Aer Lingus","Hartsfield-Jackson Atlanta International Airport","LHR","2023-06-06 16:10",5,28,"International"
"American Airlines","Aberdeen International Airport","LHR","2023-06-06 16:15",8,174,"Domestic"
"British Airways","City of Derry Airport","LHR","2023-06-06 16:15",5,197,"Domestic"
"American Airlines","Nice Cote d'Azur International Airport","LHR","2023-06-06 16:15",12,174,"International"
"Austrian","Los Angeles International Airport","LHR","2023-06-06 16:15",18,7,"International"
"Saudi Arabian Airlines","King Khalid International","LHR","2023-06-06 16:15",6,6,"International"
"Air France","Los Angeles International Airport","LHR","2023-06-06 16:20",18,20,"International"
"Iberia","John F. Kennedy International Airport","LHR","2023-06-06 16:20",33,50,"International"
"Uzbekistan Airways","Tashkent International Airport","LHR","2023-06-06 16:20",1,1,"International"
"British Airways","Leonardo da Vinci-Fiumicino Airport","LHR","2023-06-06 16:20",11,197,"International"
"Virgin Atlantic","John F. Kennedy International Airport","LHR","2023-06-06 16:25",33,22,"International"
"Aeromexico","McCarran International Airport","LHR","2023-06-06 16:30",4,8,"International"
"Iberia","Adolfo Suarez Madrid-Barajas Airport","LHR","2023-06-06 16:30",19,50,"International"
"Qatar Airways","Brussels Airport","LHR","2023-06-06 16:30",10,42,"International"
"British Airways","Billund Airport","LHR","2023-06-06 16:30",2,197,"International"
"Lufthansa Cargo","Frankfurt Airport","LHR","2023-06-06 16:30",23,23,"International"
"Lufthansa","Frankfurt Airport","LHR","2023-06-06 16:30",23,23,"International"
"British Airways","Munich International Airport","LHR","2023-06-06 16:35",19,197,"International"
"Singapore Airlines","Eleftherios Venizelos International Airport","LHR","2023-06-06 16:35",12,14,"International"
"Lufthansa Cargo","Washington Dulles International Airport","LHR","2023-06-06 16:40",9,23,"International"
"Lufthansa","Washington Dulles International Airport","LHR","2023-06-06 16:40",9,23,"International"
"United Airlines","Istanbul Airport","LHR","2023-06-06 16:40",12,20,"International"
"American Airlines","Glasgow International Airport","LHR","2023-06-06 16:40",13,174,"Domestic"
"American Airlines","Frankfurt Airport","LHR","2023-06-06 16:40",23,174,"International"
"Kuwait Airways","Kuwait International Airport","LHR","2023-06-06 16:45",5,3,"International"
"Aer Lingus","Dublin Airport","LHR","2023-06-06 16:50",26,28,"International"
"Qantas Airways","Dubai International Airport","LHR","2023-06-06 16:50",15,11,"International"
"Iberia","McCarran International Airport","LHR","2023-06-06 16:50",4,50,"International"
"Saudi Arabian Airlines","King Abdulaziz International Airport","LHR","2023-06-06 16:50",2,6,"International"
"Kenya Airways","Leonardo da Vinci-Fiumicino Airport","LHR","2023-06-06 16:55",11,8,"International"
"British Airways","Pittsburgh International Airport","LHR","2023-06-06 16:55",2,197,"International"
"Iberia","Charlotte Douglas International Airport","LHR","2023-06-06 16:55",4,50,"International"
"EL AL","John F. Kennedy International Airport","LHR","2023-06-06 17:00",33,7,"International"
"American Airlines","Warsaw Chopin Airport","LHR","2023-06-06 17:00",9,174,"International"
"Singapore Airlines","Copenhagen Airport","LHR","2023-06-06 17:00",14,14,"International"
"Cathay Pacific Airways","Hong Kong International Airport","LHR","2023-06-06 17:00",12,12,"International"
"American Airlines","Queen Alia International Airport","LHR","2023-06-06 17:05",4,174,"International"
"British Airways","Ben Gurion International Airport","LHR","2023-06-06 17:05",10,197,"International"
"Iberia","Logan International Airport","LHR","2023-06-06 17:05",13,50,"International"
"British Airways","Edinburgh Airport","LHR","2023-06-06 17:10",20,197,"Domestic"
"KLM Royal Dutch Airlines","Amsterdam Airport Schiphol","LHR","2023-06-06 17:10",24,7,"International"
"Iberia","Adolfo Suarez Madrid-Barajas Airport","LHR","2023-06-06 17:10",19,50,"International"
"Swiss","Zurich Airport","LHR","2023-06-06 17:10",18,17,"International"
"Iberia","Toronto Pearson International Airport","LHR","2023-06-06 17:10",9,50,"International"
"American Airlines","Washington Dulles International Airport","LHR","2023-06-06 17:15",9,174,"International"
"Gulf Air","Los Angeles International Airport","LHR","2023-06-06 17:15",18,5,"International"
"Swiss","Aeroport Geneve-Cointrin","LHR","2023-06-06 17:15",17,17,"International"
"British Airways","Francisco de Sa Carneiro Airport","LHR","2023-06-06 17:15",2,197,"International"
"British Airways","Berlin Brandenburg Airport","LHR","2023-06-06 17:20",9,197,"International"
"Japan Airlines","Barcelona-El Prat Airport","LHR","2023-06-06 17:20",12,20,"International"
"British Airways","Queen Alia International Airport","LHR","2023-06-06 17:20",4,197,"International"
"Aer Lingus","Vancouver International Airport","LHR","2023-06-06 17:25",4,28,"International"
"Japan Airlines","Prague Vaclav Havel Airport","LHR","2023-06-06 17:25",6,20,"International"
"British Airways","Stuttgart Airport","LHR","2023-06-06 17:25",9,197,"International"
"Delta Air Lines","Logan International Airport","LHR","2023-06-06 17:15",13,18,"International"
"All Nippon Airways","Frankfurt Airport","LHR","2023-06-06 17:30",23,7,"International"
"British Airways","George Best Belfast City Airport","LHR","2023-06-06 17:30",10,197,"Domestic"
"KLM Royal Dutch Airlines","Los Angeles International Airport","LHR","2023-06-06 17:30",18,7,"International"
"SAS","Oslo Airport, Gardermoen","LHR","2023-06-06 17:30",13,16,"International"
"Virgin Atlantic","San Francisco International Airport","LHR","2023-06-06 17:30",10,22,"International"
"Kenya Airways","Paris Charles de Gaulle Airport","LHR","2023-06-06 17:35",17,8,"International"
"Air Canada","Duesseldorf International Airport","LHR","2023-06-06 17:35",13,43,"International"
"Qatar Airways","Dublin Airport","LHR","2023-06-06 17:35",26,42,"International"
"Japan Airlines","Luxembourg Findel Airport","LHR","2023-06-06 17:40",2,20,"International"
"Qatar Airways","Aeroport Geneve-Cointrin","LHR","2023-06-06 17:45",17,42,"International"
"British Airways","Nice Cote d'Azur International Airport","LHR","2023-06-06 17:45",12,197,"International"
"Lufthansa Cargo","Munich International Airport","LHR","2023-06-06 17:50",19,23,"International"
"Lufthansa","Munich International Airport","LHR","2023-06-06 17:50",19,23,"International"
"Brussels Airlines","Brussels Airport","LHR","2023-06-06 17:50",10,6,"International"
"Tunisair","Tunis-Carthage Airport","LHR","2023-06-06 17:50",1,1,"International"
"Delta Air Lines","John F. Kennedy International Airport","LHR","2023-06-06 17:50",33,18,"International"
"Vietnam Airlines","Noi Bai International Airport","LHR","2023-06-06 17:55",1,1,"International"
"Iran Air","Imam Khomeini International Airport","LHR","2023-06-06 17:55",1,1,"International"
"Air Canada","Newark Liberty International Airport","LHR","2023-06-06 18:00",12,43,"International"
"United Airlines","Logan International Airport","LHR","2023-06-06 18:00",13,20,"International"
"Lufthansa Cargo","Toronto Pearson International Airport","LHR","2023-06-06 18:00",9,23,"International"
"Lufthansa","Toronto Pearson International Airport","LHR","2023-06-06 18:00",9,23,"International"
"British Airways","Hong Kong International Airport","LHR","2023-06-06 18:00",12,197,"International"
"SAS","Stockholm Arlanda Airport","LHR","2023-06-06 18:05",13,16,"International"
"Japan Airlines","Copenhagen Airport","LHR","2023-06-06 18:05",14,20,"International"
"Aer Lingus","John F. Kennedy International Airport","LHR","2023-06-06 18:05",33,28,"International"
"Air Astana","Aktau Airport","LHR","2023-06-06 18:05",2,2,"International"
"American Airlines","Cairo International Airport","LHR","2023-06-06 18:05",7,174,"International"
"Qantas Airways","Helsinki-Vantaa Airport","LHR","2023-06-06 18:10",6,11,"International"
"Iberia","Edinburgh Airport","LHR","2023-06-06 18:10",20,50,"Domestic"
"American Airlines","Dublin Airport","LHR","2023-06-06 18:10",26,174,"International"
"United Airlines","Warsaw Chopin Airport","LHR","2023-06-06 18:10",9,20,"International"
"Royal Air Maroc","Mohammed V International Airport","LHR","2023-06-06 18:10",2,3,"International"
"British Airways","Amsterdam Airport Schiphol","LHR","2023-06-06 18:15",24,197,"International"
"Japan Airlines","Glasgow International Airport","LHR","2023-06-06 18:15",13,20,"Domestic"
"Aer Lingus","Montreal-Pierre Elliott Trudeau International Airport","LHR","2023-06-06 18:15",4,28,"International"
"American Airlines","Naples International Airport","LHR","2023-06-06 18:15",5,174,"International"
"British Airways","Aberdeen International Airport","LHR","2023-06-06 18:15",8,197,"Domestic"
"Cathay Pacific Airways","Hong Kong International Airport","LHR","2023-06-06 18:20",12,12,"International"
"British Airways","Istanbul Airport","LHR","2023-06-06 18:20",12,197,"International"
"British Airways","Benazir Bhutto Air Base","LHR","2023-06-06 18:25",2,197,"International"
"British Airways","Islamabad International Airport","LHR","2023-06-06 18:25",2,197,"International"
"British Airways","Cork Airport","LHR","2023-06-06 18:25",6,197,"International"
"Kenya Airways","Jomo Kenyatta International Airport","LHR","2023-06-06 18:25",3,8,"International"
"Pakistan International Airlines","Istanbul Airport","LHR","2023-06-06 18:30",12,3,"International"
"American Airlines","Newcastle International Airport","LHR","2023-06-06 18:30",7,174,"Domestic"
"British Airways","Venice Marco Polo Airport","LHR","2023-06-06 18:30",6,197,"International"
"British Airways","Manchester Airport","LHR","2023-06-06 18:30",10,197,"Domestic"
"Lufthansa Cargo","Frankfurt Airport","LHR","2023-06-06 18:30",23,23,"International"
"Lufthansa","Frankfurt Airport","LHR","2023-06-06 18:30",23,23,"International"
"Delta Air Lines","John F. Kennedy International Airport","LHR","2023-06-06 18:35",33,18,"International"
"British Airways","Paris Charles de Gaulle Airport","LHR","2023-06-06 18:35",17,197,"International"
"British Airways","Milano Linate Airport","LHR","2023-06-06 18:35",6,197,"International"
"American Airlines","Larnaca International Airport","LHR","2023-06-06 18:35",5,174,"International"
"British Airways","Velana International Airport","LHR","2023-06-06 18:35",1,197,"International"
"SAS","Copenhagen Airport","LHR","2023-06-06 18:40",14,16,"International"
"All Nippon Airways","Zurich Airport","LHR","2023-06-06 18:40",18,7,"International"
"LATAM Airlines Chile","Adolfo Suarez Madrid-Barajas Airport","LHR","2023-06-06 18:45",19,6,"International"
"Air Canada","Lisbon Humberto Delgado Airport","LHR","2023-06-06 18:45",16,43,"International"
"American Airlines","Duesseldorf International Airport","LHR","2023-06-06 18:50",13,174,"International"
"Gulf Air","Los Angeles International Airport","LHR","2023-06-06 18:50",18,5,"International"
"Delta Air Lines","Chhatrapati Shivaji International Airport","LHR","2023-06-06 18:50",10,18,"International"
"British Airways","Dundee Airport","LHR","2023-06-06 18:50",3,197,"Domestic"
"Air Mauritius","Sir Seewoosagur Ramgoolam International Airport","LHR","2023-06-06 18:55",1,1,"International"
"American Airlines","Edinburgh Airport","LHR","2023-06-06 18:55",20,174,"Domestic"
"Eurowings","Stuttgart Airport","LHR","2023-06-06 19:00",9,5,"International"
"ITA Airways","Milano Linate Airport","LHR","2023-06-06 19:00",6,2,"International"
"All Nippon Airways","Tokyo International Airport","LHR","2023-06-06 19:00",6,7,"International"
"British Airways","John F. Kennedy International Airport","LHR","2023-06-06 19:05",33,197,"International"
"Iberia","O.R. Tambo International Airport","LHR","2023-06-06 19:05",6,50,"International"
"Cathay Pacific Airways","Hamburg Airport","LHR","2023-06-06 19:05",10,12,"International"
"Air France","Washington Dulles International Airport","LHR","2023-06-06 19:05",9,20,"International"
"British Airways","Leonardo da Vinci-Fiumicino Airport","LHR","2023-06-06 19:05",11,197,"International"
"American Airlines","Newark Liberty International Airport","LHR","2023-06-06 19:10",12,174,"International"
"LATAM Airlines Chile","Adolfo Suarez Madrid-Barajas Airport","LHR","2023-06-06 19:10",19,6,"International"
"Aer Lingus","Shannon Airport","LHR","2023-06-06 19:10",5,28,"International"
"Lufthansa Cargo","Munich International Airport","LHR","2023-06-06 19:10",19,23,"International"
"Lufthansa","Munich International Airport","LHR","2023-06-06 19:10",19,23,"International"
"KLM Royal Dutch Airlines","Amsterdam Airport Schiphol","LHR","2023-06-06 19:15",24,7,"International"
"Swiss","Aeroport Geneve-Cointrin","LHR","2023-06-06 19:15",17,17,"International"
"Kenya Airways","Inverness Airport","LHR","2023-06-06 19:20",3,8,"Domestic"
"British Airways","Tokyo International Airport","LHR","2023-06-06 19:20",6,197,"International"
"American Airlines","Henri Coanda International Airport","LHR","2023-06-06 19:20",5,174,"International"
"Qatar Airways","Jersey Airport","LHR","2023-06-06 19:20",7,42,"International"
"British Airways","Barcelona-El Prat Airport","LHR","2023-06-06 19:25",12,197,"International"
"Aer Lingus","George Best Belfast City Airport","LHR","2023-06-06 19:25",10,28,"Domestic"
"Malaysia Airlines","Vienna International Airport","LHR","2023-06-06 19:25",10,18,"International"
"British Airways","Amsterdam Airport Schiphol","LHR","2023-06-06 19:25",24,197,"International"
"Lufthansa Cargo","Hamburg Airport","LHR","2023-06-06 19:25",10,23,"International"
"Lufthansa","Hamburg Airport","LHR","2023-06-06 19:25",10,23,"International"
"British Airways","Singapore Changi Airport","LHR","2023-06-06 19:30",12,197,"International"
"Lufthansa Cargo","Frankfurt Airport","LHR","2023-06-06 19:30",23,23,"International"
"Lufthansa","Frankfurt Airport","LHR","2023-06-06 19:30",23,23,"International"
"Austrian","Vienna International Airport","LHR","2023-06-06 19:30",10,7,"International"
"Thai Lion","Oslo Airport, Gardermoen","LHR","2023-06-06 19:30",13,4,"International"
"Korean Air","Incheon International Airport","LHR","2023-06-06 19:35",4,3,"International"
"American Airlines","Dublin Airport","LHR","2023-06-06 19:35",26,174,"International"
"United Airlines","Duesseldorf International Airport","LHR","2023-06-06 19:35",13,20,"International"
"American Airlines","Berlin Brandenburg Airport","LHR","2023-06-06 19:35",9,174,"International"
"American Airlines","Zurich Airport","LHR","2023-06-06 19:45",18,174,"International"
"American Airlines","Prague Vaclav Havel Airport","LHR","2023-06-06 19:45",6,174,"International"
"Qatar Airways","Hamad International Airport","LHR","2023-06-06 19:45",12,42,"International"
"American Airlines","Frankfurt Airport","LHR","2023-06-06 19:45",23,174,"International"
"Singapore Airlines","Stavanger Airport Sola","LHR","2023-06-06 19:50",2,14,"International"
"Singapore Airlines","Lisbon Humberto Delgado Airport","LHR","2023-06-06 19:50",16,14,"International"
"American Airlines","Stockholm Arlanda Airport","LHR","2023-06-06 19:50",13,174,"International"
"Emirates","Dubai International Airport","LHR","2023-06-06 19:50",15,5,"International"
"Finnair","John F. Kennedy International Airport","LHR","2023-06-06 19:55",33,31,"International"
"Qatar Airways","Stuttgart Airport","LHR","2023-06-06 20:00",9,42,"International"
"British Airways","Glasgow International Airport","LHR","2023-06-06 20:00",13,197,"Domestic"
"Eurowings","Cologne Bonn Airport","LHR","2023-06-06 20:00",5,5,"International"
"British Airways","Edinburgh Airport","LHR","2023-06-06 20:00",20,197,"Domestic"
"Virgin Atlantic","Indira Gandhi International Airport","LHR","2023-06-06 20:05",9,22,"International"
"British Airways","Aeroport Geneve-Cointrin","LHR","2023-06-06 20:05",17,197,"International"
"Swiss","Zurich Airport","LHR","2023-06-06 20:05",18,17,"International"
"Japan Airlines","Adolfo Suarez Madrid-Barajas Airport","LHR","2023-06-06 20:10",19,20,"International"
"Iberia","Logan International Airport","LHR","2023-06-06 20:10",13,50,"International"
"LATAM Airlines Chile","Oslo Airport, Gardermoen","LHR","2023-06-06 20:10",13,6,"International"
"Cathay Pacific Airways","Hong Kong International Airport","LHR","2023-06-06 20:10",12,12,"International"
"Qatar Airways","Nice Cote d'Azur International Airport","LHR","2023-06-06 20:15",12,42,"International"
"Qatar Airways","Hannover Airport","LHR","2023-06-06 20:15",3,42,"International"
"Delta Air Lines","John F. Kennedy International Airport","LHR","2023-06-06 20:15",33,18,"International"
"American Airlines","Brussels Airport","LHR","2023-06-06 20:15",10,174,"International"
"British Airways","Eleftherios Venizelos International Airport","LHR","2023-06-06 20:20",12,197,"International"
"Loganair","City of Derry Airport","LHR","2023-06-06 20:20",5,3,"Domestic"
"Cathay Pacific Airways","Lisbon Humberto Delgado Airport","LHR","2023-06-06 20:25",16,12,"International"
"Air China","Beijing Capital International Airport","LHR","2023-06-06 20:25",4,4,"International"
"Lufthansa Cargo","Munich International Airport","LHR","2023-06-06 20:25",19,23,"International"
"Lufthansa","Munich International Airport","LHR","2023-06-06 20:25",19,23,"International"
"Cathay Pacific Airways","Lyon-Saint Exupery Airport","LHR","2023-06-06 20:30",3,12,"International"
"Singapore Airlines","Copenhagen Airport","LHR","2023-06-06 20:30",14,14,"International"
"American Airlines","Bologna Guglielmo Marconi Airport","LHR","2023-06-06 20:30",5,174,"International"
"Air Malta","Malta International Airport","LHR","2023-06-06 20:30",3,3,"International"
"Royal Jordanian","Manchester Airport","LHR","2023-06-06 20:35",10,3,"Domestic"
"Malaysia Airlines","Paris Charles de Gaulle Airport","LHR","2023-06-06 20:35",17,18,"International"
"Japan Airlines","Munich International Airport","LHR","2023-06-06 20:35",19,20,"International"
"American Airlines","Milano Malpensa Airport","LHR","2023-06-06 20:40",6,174,"International"
"British Airways","Toulouse-Blagnac Airport","LHR","2023-06-06 20:40",3,197,"International"
"Emirates","Dubai International Airport","LHR","2023-06-06 20:40",15,5,"International"
"Asiana Airlines","Incheon International Airport","LHR","2023-06-06 20:40",4,2,"International"
"American Airlines","Gothenburg-Landvetter Airport","LHR","2023-06-06 20:45",5,174,"International"
"American Airlines","Edinburgh Airport","LHR","2023-06-06 20:50",20,174,"Domestic"
"Oman Air","Muscat International Airport","LHR","2023-06-06 20:50",2,3,"International"
"SAS","Singapore Changi Airport","LHR","2023-06-06 20:50",12,16,"International"
"Malaysia Airlines","Newcastle International Airport","LHR","2023-06-06 20:50",7,18,"Domestic"
"KLM Royal Dutch Airlines","Amsterdam Airport Schiphol","LHR","2023-06-06 20:55",24,7,"International"
"Avianca","Abu Dhabi International Airport","LHR","2023-06-06 20:55",7,3,"International"
"Qantas Airways","Singapore Changi Airport","LHR","2023-06-06 20:55",12,11,"International"
"British Airways","Hong Kong International Airport","LHR","2023-06-06 20:55",12,197,"International"
"British Airways","Glasgow International Airport","LHR","2023-06-06 21:00",13,197,"Domestic"
"Iberia","Aberdeen International Airport","LHR","2023-06-06 21:00",8,50,"Domestic"
"Qatar Airways","Dublin Airport","LHR","2023-06-06 21:00",26,42,"International"
"TAP Portugal","Addis Ababa Bole International Airport","LHR","2023-06-06 21:00",2,3,"International"
"Thai Lion","Stockholm Arlanda Airport","LHR","2023-06-06 21:05",13,4,"International"
"British Airways","Singapore Changi Airport","LHR","2023-06-06 21:10",12,197,"International"
"Aer Lingus","Dublin Airport","LHR","2023-06-06 21:10",26,28,"International"
"Qatar Airways","Edinburgh Airport","LHR","2023-06-06 21:15",20,42,"Domestic"
"British Airways","Hamad International Airport","LHR","2023-06-06 21:20",12,197,"International"
"Iberia","Chhatrapati Shivaji International Airport","LHR","2023-06-06 21:20",10,50,"International"
"China Eastern Airlines","Shanghai Pudong International Airport","LHR","2023-06-06 21:20",4,2,"International"
"Air Canada","Suvarnabhumi Airport","LHR","2023-06-06 21:25",5,43,"International"
"Qatar Airways","O.R. Tambo International Airport","LHR","2023-06-06 21:25",6,42,"International"
"Icelandair","Keflavik International Airport","LHR","2023-06-06 21:25",4,3,"International"
"British Airways","Budapest Ferenc Liszt International Airport","LHR","2023-06-06 21:25",4,197,"International"
"Finnair","Sao Paulo-Guarulhos International Airport","LHR","2023-06-06 21:25",4,31,"International"
"Iberia","Dubai International Airport","LHR","2023-06-06 21:30",15,50,"International"
"Qatar Airways","Manchester Airport","LHR","2023-06-06 21:30",10,42,"Domestic"
"Air Canada","Bandaranayake International Air Port","LHR","2023-06-06 21:30",2,43,"International"
"Air India","Chhatrapati Shivaji International Airport","LHR","2023-06-06 21:30",10,6,"International"
"Thai Airways International","Suvarnabhumi Airport","LHR","2023-06-06 21:35",5,4,"International"
"Singapore Airlines","Kuala Lumpur International Airport","LHR","2023-06-06 21:35",3,14,"International"
"Avianca","Indira Gandhi International Airport","LHR","2023-06-06 21:45",9,3,"International"
"Virgin Atlantic","Benazir Bhutto Air Base","LHR","2023-06-06 21:55",2,22,"International"
"Virgin Atlantic","Islamabad International Airport","LHR","2023-06-06 21:55",2,22,"International"
"flynas","Abu Dhabi International Airport","LHR","2023-06-06 21:55",7,1,"International"
"Vistara","Chhatrapati Shivaji International Airport","LHR","2023-06-06 21:55",10,4,"International"
"Qatar Airways","Hamad International Airport","LHR","2023-06-06 21:55",12,42,"International"
"Kuwait Airways","Kuwait International Airport","LHR","2023-06-06 22:00",5,3,"International"
"British Airways","Glasgow International Airport","LHR","2023-06-06 22:00",13,197,"Domestic"
"MEA","Beirut International Airport","LHR","2023-06-06 22:00",3,1,"International"
"Avianca","Singapore Changi Airport","LHR","2023-06-06 22:05",12,3,"International"
"Turkish Airlines","El Dorado International Airport","LHR","2023-06-06 22:05",2,3,"International"
"Azerbaijan Airlines","Heydar Aliyev International Airport","LHR","2023-06-06 22:05",1,1,"International"
"Gulf Air","Bahrain International Airport","LHR","2023-06-06 22:05",5,5,"International"
"Turkish Airlines","Istanbul Airport","LHR","2023-06-06 22:10",12,3,"International"
"China Southern Airlines","Guangzhou Baiyun International Airport","LHR","2023-06-06 22:10",2,5,"International"
"Egyptair","Cairo International Airport","LHR","2023-06-06 22:10",7,2,"International"
"TAP Portugal","Eleftherios Venizelos International Airport","LHR","2023-06-06 22:15",12,3,"International"
"Emirates","Dubai International Airport","LHR","2023-06-06 22:15",15,5,"International"
"Cathay Pacific Airways","Hong Kong International Airport","LHR","2023-06-06 22:15",12,12,"International"
"Iberia","Sao Paulo-Guarulhos International Airport","LHR","2023-06-06 22:20",4,50,"International"
"Iberia","Kuwait International Airport","LHR","2023-06-06 22:20",5,50,"International"
"Vistara","Indira Gandhi International Airport","LHR","2023-06-06 22:20",9,4,"International"
"EL AL","Ben Gurion International Airport","LHR","2023-06-06 22:20",10,7,"International"
"British Airways","Buenos Aires - Ministro Pistarini International Airport","LHR","2023-06-06 22:25",1,197,"International"
"American Airlines","Cape Town International Airport","LHR","2023-06-06 22:25",2,174,"International"
"British Airways","Nnamdi Azikiwe International Airport","LHR","2023-06-06 22:25",2,197,"International"
"Air Canada","Cork Airport","LHR","2023-06-06 22:25",6,43,"International"
"Aeromexico","Benito Juarez International Airport","LHR","2023-06-06 22:30",4,8,"International"
"Delta Air Lines","Murtala Muhammed International Airport","LHR","2023-06-06 22:30",3,18,"International"
"Virgin Atlantic","O.R. Tambo International Airport","LHR","2023-06-06 22:30",6,22,"International"
"Air China","Beijing Capital International Airport","LHR","2023-06-06 22:40",4,4,"International"
